Year,区域,签订日期,项目名称,合同编号,类型,甲方名称,合同总金额,key
2019,贵州,2019-06-15,张家口万全项目,CRCCRE-SJ-CZ-2019-007,方案+施工图,中铁房地产集团张家口建设开发有限公司（甲方）,14734478.72,1
2019,创投,2019-06-01,平谷夏各庄项目（完成）,CRCCRE-SJ-ZX-2019-007,咨询+BIM,北京润谷置业有限公司,1513000,2
2019,东北,2019-03-08,"长春西派唐颂一期
（完成）",CRCCRE-SJ-ZX-2019-002,咨询,长春创华房地产开发有限公司,650000,3
2019,北方,2019-04-11,天津国印文苑项目（完成）,CRCCRE-SJ-ZX-2019-001,咨询,天津弘创置业有限公司,788465,4
2019,北方,2019-12-18,济南曹家馆项目（完成）,CRCCRE-SJ-ZX-2019-016,咨询,中铁房地产集团济南置业有限公司,1076114,5
2019,北方,2019-12-10,"房山文娱项目
（完成）",CRCCRE-SJ-BIM-2019-007,BIM,中铁房地产集团北方有限公司,353078.4,6
2019,北方,2019-12-10,房山文娱项目,CRCCRE-SJ-ZX-2019-013,咨询,中铁房地产集团北方有限公司,147116,7
2020,北方,2020-04-08,正定项目A号、B号地块精装咨询（完成）,CRCCRE-SJ-XM-2020-001,管理,河北兴铁房地产开发有限公司,220000,8
2020,北方,2020-04-08,正定项目A号、B号地块及售楼处景观咨询（完成）,CRCCRE-SJ-XM-2020-002,管理,河北兴铁房地产开发有限公司,290000,9
2020,北方,2020-04-17,正定项目售楼处精装咨询（完成）,CRCCRE-SJ-XM-2020-003,管理,河北兴铁房地产开发有限公司,290000,10
2020,北方,2020-04-18,正定项目A号、B号地块方案,CRCCRE-SJ-CZ-2020-006,方案,河北兴铁房地产开发有限公司,4378140,11
2020,东北,2020-03-17,长春西派唐颂二期（完成）,CRCCRE-SJ-ZX-2020-005,咨询,长春创华房地产开发有限公司,1000000,12
2020,东北,2020-03-17,长春西派唐颂二期（完成）,CRCCRE-SJ-BIM-2020-002,BIM,长春创华房地产开发有限公司,970818,13
2019,北方,2019-12-15,青岛郑州路项目,CRCCRE-SJ-CZ-2019-019,可研,中铁房地产集团济南置业有限公司,200000,14
2019,创投（终止）,2019-12-16,创投可研（终止）,CRCCRE-SJ-CZ-2019-018,可研,中铁房地产集团张家口建设开发有限公司,1000000,15
2020,北方,2020-04-10,海淀翠湖补充协议（完成）,CRCCRE-SJ-CZ-2020-002,方案,北京锐达置业有限公司,666894.3,16
2020,建设,2020-01-19,西山梧桐补充协议,CRCCRE-SJ-CZ-2019-003—B1,方案,中铁建设集团有限公司,472766,17
2019,北方,2019-02-03,"唐山高新区A0102项目
（唐颂国际）",CRCCRE-SJ-CZ-2019-001,方案+施工图,唐山启创房地产开发有限公司,5114261.25,18
2019,建设,2019-02-25,门头沟项目,CRCCRE-SJ-CZ-2019-003,方案,中铁建设集团有限公司,1800000,19
2025,北方,2025-08-11,北京市通州区梨园项目,CRCCRE-SJ-XM-2025-020,设计总包（方案外委）,北京弘邑置业有限公司,896530,20
2025,北方,2025-08-11,北京市通州区梨园项目,CRCCRE-SJ-XM-2025-020,设计总包（景观外委）,北京弘邑置业有限公司,450000,21
2025,北方,2025-08-11,北京市通州区梨园项目,CRCCRE-SJ-XM-2025-020,设计总包（精装外委）,北京弘邑置业有限公司,1064260,22
2025,北方,2025-08-11,北京市通州区梨园项目,CRCCRE-SJ-XM-2025-020,设计总包（精装外委）,北京弘邑置业有限公司,201583.8,23
2025,北方,2025-08-11,北京市通州区梨园项目,CRCCRE-SJ-XM-2025-020,咨询,北京弘邑置业有限公司,170946.7,24
2025,北方,2025-08-11,北京市通州区梨园项目,CRCCRE-SJ-XM-2025-020,BIM,北京弘邑置业有限公司,83520.22,25
2019,北方,2019-11-13,天津国印二期三期项目,CRCCRE-SJ-ZX-2019-011,咨询,天津弘创置业有限公司,952900,26
2025,北方,2025-06-11,天津国印二期三期项目,CRCCRE-SJ-ZX-2019-011-B1,咨询,天津弘创置业有限公司,166605.24,27
2019,建设,2019-09-28,平谷夏各庄项目,CRCCRE-SJ-CZ-2019-011,方案,中铁建设集团有限公司,3150000,28
2019,北方,2019-12-12,"朝阳水牛坊项目
（绿建咨询）
完成",CRCCRE-SJ-GC-2019-001,绿建咨询,北京景盛诚泰置业有限公司,296774,29
2018,北方,2018-03-21,房山文娱项目,CRCCRE-SJ-CZ-2018-002,方案,中铁房地产集团北方有限公司,1000000,30
2018,北方,2018-05-10,海淀翠湖科技园项目,CRCCRE-SJ-CZ-2018-003,方案+施工图,北京锐达置业有限公司,12212574,31
2019,北方,2019-07-19,海淀翠湖项目（完成）,CRCCRE-SJ-CZ-2018-003-B1,方案+施工图,北京锐达置业有限公司,2700000,32
2018,北方,2018-03-06,金达可研（完成）,CRCCRE-SJ-CZ-2018-010,可研,中铁房地产集团北京金达世纪房地产开发有限公司,350000,33
2018,北方,2018-03-21,正达可研,CRCCRE-SJ-CZ-2017-025,可研,中铁房地产集团北方有限公司,400000,34
2018,北方,2018-12-24,弘创强排（完成）,CRCCRE-SJ-CZ-2018-043,可研,天津弘创置业有限公司,300000,35
2018,东北,2018-01-11,长春西派府项目（完成）,CRCCRE-SJ-ZX-2018-003,咨询,长春玖华房地产开发有限公司,1133641,36
2018,北方,2018-12-10,"西山梧桐项目
（完结）",CRCCRE-SJ-ZX-2018-009,咨询,北京嘉达置业有限公司,500000,37
2018,北方,2018-10-20,"北京朝阳马家湾项目
（完成）",CRCCRE-SJ-GC-2018-005,绿建咨询,北京景盛诚泰置业有限公司,266312,38
2018,北方,2018-08-15,"北京朝阳马家湾项目
（完成）",CRCCRE-SJ-HS-2018-001,方案+施工图,北京景盛诚泰置业有限公司,3024853,39
2018,北方,2018-08-15,朝阳水牛坊项目,CRCCRE-SJ-HS-2018-003,方案+施工图,北京景盛诚泰置业有限公司,3959614,40
2018,北方,2018-06-05,西山梧桐项目（完成）,CRCCRE-SJ-BIM-2018-003,BIM,北京嘉达置业有限公司,298500,41
2018,北方,2018-11-20,"北京马家湾项目
（完成）",CRCCRE-SJ-BIM-2018-011,BIM,北京景盛诚泰置业有限公司,532624,42
2018,北方,2018-11-20,"北京水牛坊项目
（完成）",CRCCRE-SJ-BIM-2018-012,BIM,北京景盛诚泰置业有限公司,487884,43
2018,北方,2018-02-06,雄安高铁项目（完成）,CRCCRE-SJ-CH-2018-001,策划,北京欣达置业有限公司,100000,44
2018,创投,2018-06-21,长租公寓课题研究（转出）,CRCCRE-SJ-CH-2018-008,策划,中铁房地产集团创新产业投资有限公司,1500000,45
2018,北方,2018-08-31,山东菏泽项目（执行完成）,CRCCRE-SJ-CH-2018-013,策划,中铁房地产集团北方有限公司,150000,46
2017,东北,2017-07-03,大连山语城项目（完成）,CRCCRE-SJ-CZZX-2017-004,方案,大连京信置业有限公司,2420373.6,47
2017,北方,2017-06-15,密云及顺义项目（完成）,CRCCRE-SJ-CZZX-2017-008,可研,中铁房地产集团北京金达世纪房地产开发有限公司,100000,48
2017,创投,2017-08-18,"创新可研
（未执行）",CRCCRE-SJ-CZZX-2017-012,可研,中铁房地产集团创新产业投资有限公司,300000,49
2017,创投,2017-12-26,成都青城山项目,CRCCRE-SJ-CZZX-2017-012-B1,可研,中铁房地产集团创新产业投资有限公司,150000,50
2017,北方,2017-12-08,天津弘创可研（完成）,CRCCRE-SJ-CZ-2017-019,可研,中铁房地产集团北方有限公司,400000,51
2017,北方,2017-11-15,嘉业强排（完成）,CRCCRE-SJ-CZ-2017-020,可研,中铁嘉业（北京）投资有限公司,200000,52
2017,创投,2017-08-16,创新战略协议（完成）,CRCCRE-SJ-CHZX-2017-003,策划,中铁房地产集团创新产业投资有限公司,1440000,53
2017,北方,2017-05-05,嘉业策划（完成）,CRCCRE-SJ-CH-2017-005,策划,中铁嘉业（北京）投资有限公司,150000,54
2016,东北,2016-12-08,长春洋浦大街项目（完成）,CRCCRE-SJ-CZZX-2016-003,方案,长春玖华房地产开发有限公司,3399042,55
2016,东北,2016-10-24,长春花语城项目（完成）,CRCCRE-SJ-ZX-2016-002,咨询,长春中铁房地产开发有限公司,194166,56
2020,北方,2020-02-27,海淀翠湖项目,CRCCRE-SJ-BIM-2020-001,BIM,中国铁建大桥工程局集团有限公司,810000,57
2020,北方,2020-05-17,正定售楼处项目（完成）,CRCCRE-SJ-GC-2020-006,施工图,河北兴铁房地产开发有限公司,200000,58
2020,北方,2020-05-13,天津国印四期项目,CRCCRE-SJ-ZX-2020-007,咨询,天津弘创置业有限公司,503900,59
2020,北方,2020-05-19,"正定项目A号地块咨询
（完成）",CRCCRE-SJ-ZX-2020-009,咨询,河北兴铁房地产开发有限公司,924910,60
2020,北方,2020-05-29,正定项目C号、D号地块方案     （完成）,CRCCRE-SJ-CZ-2020-008,方案,河北兴铁房地产开发有限公司,5832724,61
2020,外部,2020-06-30,门头沟装配式深化,CRCCRE-SJ-BIM-2020-010,BIM智慧建造工作室,中科建（北京）工程技术研究院有限公司,95625,62
2025,外部,2025-03-01,中铁建设金华西关项目,CRCCRE-SJ-ZX-2025-002,咨询,中铁建设集团金华置业有限公司,298931.5,63
2025,外部,2025-03-01,中铁建设金华西关项目,CRCCRE-SJ-ZX-2025-001,咨询,中铁建设集团金华置业有限公司,472985.8,64
2020,外部,2020-08-28,逸品汇商业中心项目（完成）,CRCCRE-SJ-ZX-2020-010,咨询,中铁房地产开发（保定）有限公司,95100,65
2020,华森,2020-08-24,贵安国际数字文化产业园二期（完成）,CRCCRE-SJ-XM-2020-010,咨询,深圳华森建筑与工程设计顾问有限公司,673000,66
2020,北方,2020-08-07,"正定项目A号地块BIM设计
（完成）",CRCCRE-SJ-BIM-2020-015,BIM,河北兴铁房地产开发有限公司,646907.94,67
2020,创投,2020-11-06,创投可研(完成),CRCCRE-SJ-CZ-2020-014,可研,中铁房地产集团创新产业投资有限公司,500000,68
2020,东北,2020-10-15,西派唐颂二期BIM补充协议（完成）,CRCCRE-SJ-BIM-2020-002-B1,BIM,长春创华房地产开发有限公司,40000,69
2020,东北,2020-10-28,长春超强西街地块项目（完成云璟）,CRCCRE-SJ-ZX-2020-014,咨询,长春京新房地产开发有限公司,826282.03,70
2020,东北,2020-10-19,长春超强西街地块项目（完成云璟）,CRCCRE-SJ-BIM-2020-021,BIM,长春京新房地产开发有限公司,236423.85,71
2020,外部,2020-11-30,北京城市副中心项目（完成）,CRCCRE-SJ-BIM-2020-025,BIM智慧建造工作室,中建钢构天津有限公司,357500,72
2024,外部,2024-12-02,香港HAFC航天走廊项目,CRCCRE-SJ-BIM-2024-011,BIM智慧建造工作室,远东幕墙（珠海）有限公司,157200,73
2020,外部,2020-12-10,海口党校项目（雄安）（完成）,CRCCRE-SJ-GC-2020-012,设计分包,天津华汇工程建筑设计有限公司,1471490,74
2025,雄安,2025-08-27,雄安站枢纽片区2号地项目C1-=05-01地块7#02栋6层东侧办公室项目,CRCCRE-SJ-YJ-2025-009,精装,中铁建河北雄安城市发展有限公司,39105,75
2025,雄安,2025-10-15,雄安站枢纽片区2号地项目C1-=05-01地块7#02栋6层东侧办公室项目,"CRCCRE-SJ-YJ-2025-009-B1
",精装,中铁建河北雄安城市发展有限公司,19552.5,76
2020,外部,2020-12-10,海口妇幼项目（雄安）,CRCCRE-SJ-CZ-2020-020,设计分包,天津华汇工程建筑设计有限公司,1431769,77
2020,外部,2020-12-11,海口金融中心项目（雄安）（完成）,CRCCRE-SJ-GC-2020-011,设计分包,天津华汇工程建筑设计有限公司,1873656,78
2020,雄安,2020-12-17,雄安容东片区项目（完成）,CRCCRE-SJ-XM-2020-022,驻场+设计咨询,中铁建河北雄安城市建设有限公司,4862000,79
2024,雄安,2024-04-20,雄安站枢纽片区2号地项目四标段,CRCCRE-SJ-XM-2024-007,施工图设计+专项设计,中铁建河北雄安城市发展有限公司,3757130.27,80
2024,雄安,2024-04-20,雄安站枢纽片区2号地项目四标段,CRCCRE-SJ-XM-2024-007,施工图设计+专项设计,中铁建河北雄安城市发展有限公司,3506059.92,81
2023,雄安,2023-06-29,雄安站枢纽片区2号地项目二标段,CRCCRE-SJ-GC-2023-005,"0708地块
主体施工图",中铁建河北雄安城市发展有限公司,1262906.79,82
2023,雄安,2023-06-29,雄安站枢纽片区2号地项目二标段,CRCCRE-SJ-GC-2023-005,"未开地块
主体施工图",中铁建河北雄安城市发展有限公司,2529341.95,83
2023,雄安,2023-06-29,雄安站枢纽片区2号地项目二标段,CRCCRE-SJ-GC-2023-005,0708地块专项外委,中铁建河北雄安城市发展有限公司,1321295.17,84
2023,雄安,2023-06-29,雄安站枢纽片区2号地项目二标段,CRCCRE-SJ-GC-2023-005,"未开地块
专项外委",中铁建河北雄安城市发展有限公司,1878536.54,85
2020,北方,2020-12-17,济南置业可研（完成）,CRCCRE-SJ-CZ-2020-021,可研,中铁房地产集团济南置业有限公司,100000,86
2020,南沙,2020-12-28,南沙坦尾旧改项目,CRCCRE-SJ-CZ-2020-022,方案,广州南沙中铁实业发展有限公司,4355000,87
2023,南沙,2023-09-11,南沙坦尾旧改项目（复建地块）,CRCCRE-SJ-ZX-2023-003,施工图咨询+精审,广州南沙中铁实业发展有限公司,1108271.5,88
2023,南沙,2023-09-11,南沙坦尾旧改项目（融资地块）,CRCCRE-SJ-ZX-2023-004,施工图咨询+精审,广州南沙中铁实业发展有限公司,531737.5,89
2023,南沙,2023-11-28,南沙横沥岛30、31地块项目（西派尊府）,CRCCRE-SJ-XM-2023-074-B1,设计总包（方案外委）,广州南沙横城置业有限公司,2899042.66,90
2023,南沙,2023-11-28,南沙横沥岛30、31地块项目（西派尊府）,CRCCRE-SJ-XM-2023-074-B1,设计总包（景观外委）,广州南沙横城置业有限公司,926174.79,91
2023,南沙,2023-11-28,南沙横沥岛30、31地块项目（西派尊府）,CRCCRE-SJ-XM-2023-074-B1,设计总包（精装外委）,广州南沙横城置业有限公司,2340025,92
2023,南沙,2023-11-28,南沙横沥岛30、31地块项目（西派尊府）,CRCCRE-SJ-XM-2023-074-B2,设计总包（方案外委）,广州南沙横城置业有限公司,517375,93
2023,南沙,2023-11-28,南沙横沥岛30、31地块项目（西派尊府）,CRCCRE-SJ-XM-2023-074-B2,设计总包（景观外委）,广州南沙横城置业有限公司,240000,94
2023,南沙,2023-11-28,南沙横沥岛30、31地块项目（西派尊府）,CRCCRE-SJ-XM-2023-074-B2,设计总包（精装外委）,广州南沙横城置业有限公司,3017100,95
2024,南沙,2024-08-07,南沙横沥岛30、31地块项目（西派尊府）,CRCCRE-SJ-XM-2023-074,设计总包（精装外委）,广州南沙横城置业有限公司,1782932.4,96
2024,南沙,2024-12-18,南沙横沥岛30、31地块项目（西派尊府）,CRCCRE-SJ-XM-2024-060,设计总包（精装外委）,广州南沙横城置业有限公司,602400,97
2024,南沙,2024-12-31,南沙横沥岛30、31地块项目（西派尊府）,CRCCRE-SJ-XM-2024-061,设计总包（精装外委）,广州南沙横城置业有限公司,680000,98
2025,南沙,2025-03-10,南沙横沥岛30、31地块项目（西派尊府）,CRCCRE-SJ-XM-2025-007,设计总包（精装外委）,广州南沙横城置业有限公司,236700,99
2025,南沙,2025-04-01,南沙横沥岛26、27地块项目,CRCCRE-SJ-XM-2024-052,设计总包（景观外委）三方合同代付,广州南沙横城置业有限公司,1951500.18,100
2025,南沙,2025-07-01,南沙横沥岛26、27地块项目,CRCCRE-SJ-XM-2024-005-B1,设计总包（方案外委）,广州南沙横城置业有限公司,664970.56,101
2025,南沙,2025-07-01,南沙横沥岛26、27地块项目,CRCCRE-SJ-XM-2024-005-B1,"设计总包
（精装外委）",广州南沙横城置业有限公司,116760,102
2025,南沙,2025-03-20,南沙横沥岛30、31地块项目（西派尊府）,CRCCRE-SJ-XM-2023-074-B4,咨询+精审,广州南沙横城置业有限公司,320000,103
2020,外部,2020-12-31,张家口市纬一路（纬六地块）项目,CRCCRE-SJ-XM-2020-024,方案,北京三磊建筑设计有限公司,80000,104
2021,华南,2021-01-07,三亚东岸DA2-42-03地块项目（完成）	,CRCCRE-SJ-ZX-2020-018,咨询,三亚中铁建置业开发有限公司,540354.18,105
2021,华南,2021-01-20,番禺项目（完成）,CRCCRE-SJ-BIM-2020-028,BIM,广州市番禺区顺诚房地产有限公司,263346.83,106
2021,北方,2021-01-30,"正定项目B号地块咨询
（完成）",CRCCRE-SJ-ZX-2020-017,咨询,河北兴铁房地产开发有限公司,799276.73,107
2020,南沙,2020-01-07,方案设计框架协议,CRCCRE-SJ-CZ-2020-001,可研,广州南沙中铁实业发展有限公司,500000,108
2022,南沙,2022-01-28,可研框架协议,CRCCRE-SJ-CZ-2022-002,可研,中铁建南沙投资发展有限公司,1000000,109
2019,南沙,2019-07-16,南沙海悦国际项目（完结）,CRCCRE-SJ-CZ-2019-008,管理,广州南沙京沙置业有限公司,5929000,110
2019,华南,2019-05-08,广州白云区高铁站项目,CRCCRE-SJ-CH-2019-002,可研,中铁房地产集团华南有限公司,298000,111
2019,华南,2019-08-29,广州镇龙站项目,CRCCRE-SJ-CH-2019-005,可研,中铁房地产集团华南有限公司,210000,112
2019,华南,2019-11-22,福州南站项目,CRCCRE-SJ-CH-2019-009,可研,中铁房地产集团华南有限公司,210000,113
2019,华南,2019-10-22,惠州北站综合开发项目,CRCCRE-SJ-CH-2019-008,可研,中铁房地产集团华南有限公司,280000,114
2019,华南,2019-06-28,框架协议（珠海）,CRCCRE-SJ-CH-2019-007,可研,佛山市顺德区顺嘉房地产有限公司,1000000,115
2018,华南,2018-01-15,领秀公馆北区（莘村）项目（完成）,CRCCRE-SJ-CZ-2018-005,方案+咨询,佛山市顺德区顺嘉房地产有限公司,7436950,116
2018,华南,2018-02-07,顺德大良（完结）凤语潮鸣,CRCCRE-SJ-CZ-2018-008,管理+咨询,佛山市顺德区顺昊房地产有限公司,5970588,117
2018,南沙,2018-01-16,南沙坦尾项目（完结）,CRCCRE-SJ-CZ-2017-023,方案,广州南沙中铁实业发展有限公司,10780000,118
2018,华南,2018-08-24,领秀公馆北区（莘村）项目（完结）,CRCCRE-SJ-BIM-2018-007,BIM,佛山市顺德区顺嘉房地产有限公司,478013,119
2018,华南,2018-08-24,领秀公馆南区（龙涌）项目（完结）,CRCCRE-SJ-BIM-2018-006,BIM,佛山市顺德区顺嘉房地产有限公司,329145,120
2018,华南,2018-08-24,顺德凤语潮鸣项目（完结）,CRCCRE-SJ-BIM-2018-009,BIM,佛山市顺德区顺昊房地产有限公司,709898,121
2021,外部,2021-03-25,济南市莱芜区东风社区城中村改造安置项目,CRCCRE-SJ-ZX-2021-002,咨询,济南市嬴昊置业有限公司,1100000,122
2021,东北,2021-03-29,"长春平阳街、岳阳街地块项目
（解除合同）
（完成）",CRCCRE-SJ-ZX-2021-002,方案,长春京德房地产开发有限公司,1791889,123
2021,外部,2021-03-28,济南十六局董家小学项目,CRCCRE-SJ-ZX-2021-003,咨询,中铁十六局集团有限公司,100000,124
2018,西南,2018-03-01,中铁滨江项目,/,施工图设计,重庆建联新房地产开发有限公司,1874560,125
2021,北方,2021-05-06,正定B号地块项目BIM,CRCCRE-SJ-BIM-2021-003,BIM,河北兴铁房地产开发有限公司,248346.75,126
2022,北方,2022-08-10,正定项目C号地块BIM设计,CRCCRE-SJ-BIM-2022-004,BIM,河北兴铁房地产开发有限公司,320555.4,127
2022,北方,2022-12-13,正定项目D号地块BIM设计,CRCCRE-SJ-BIM-2022-014,BIM,河北兴铁房地产开发有限公司,389928.15,128
2022,北方,2022-12-22,正定项目C地块咨询,CRCCRE-SJ-ZX-2022-004,咨询,河北兴铁房地产开发有限公司,2335586.05,129
2021,北方,2021-05-20,房山文娱项目,CRCCRE-SJ-GC-2021-003,精装,中铁房地产集团北方有限公司,201650,130
2021,外部,2021-06-01,高安市全民健身体育中心项目,CRCCRE-SJ-BIM-2021-005,BIM深化,北京城建精工钢结构工程有限公司,30000,131
2021,东北,2021-07-05,长春平阳街项目（解除合同完成）,CRCCRE-SJ-BIM-2021-010,BIM,长春京德房地产开发有限公司,148345.43,132
2021,东北,2021-07-05,长春平阳街项目、岳阳街项目（解除合同完成）,CRCCRE-SJ-ZX-2021-004,咨询,长春京德房地产开发有限公司,542667.85,133
2021,北方,2021-07-23,房山文娱项目,CRCCRE-SJ-GC-2021-005,精装,中铁房地产集团北方有限公司,400000,134
2018,北方,2018-04-13,济南华山北项目（完结）,CRCCRE-SJ-CZ-2018-015,可研,中铁房地产集团济南第六大洲有限公司,440000,135
2021,北方,2021-09-02,济南郭店土河以东地块项目（花语拾光）,CRCCRE-SJ-CZ-2021-009,方案+咨询,中铁房地产集团济南置业有限公司,3414035.14,136
2021,华南,2021-10-11,广州佛山市顺德区北滘TOD项目（完结）,CRCCRE-SJ-TOD-2021-001,TOD,佛山市顺德区顺嘉房地产有限公司,2200000,137
2021,华南,2021-10-14,江门蓬江区代建文化中心项目,CRCCRE-SJ-XM-2021-008-B1,方案,江门江湾南光投资发展有限公司,1800000,138
2021,北方,2021-06-30,涿州市A2-10地块项目,CRCCRE-SJ-ZX-2021-008,咨询,涿州荣富房地产开发有限公司,1617945.77,139
2024,北方,2024-08-08,"涿州市A2-10地块项目
（语系）",CRCCRE-SJ-BIM-2024-006,BIM,涿州荣富房地产开发有限公司,60000,140
2021,北方,2021-11-01,"涿州市A2-10地块项目
（语系）
完成",CRCCRE-SJ-BIM-2021-011,BIM,涿州荣富房地产开发有限公司,431532.71,141
2021,华南,2021-11-08,南宁可研（完成）,CRCCRE-SJ-CZ-2021-014,可研,中铁房地产集团（广西）有限公司,200000,142
2021,雄安,2021-11-01,雄安站枢纽片区2号地项目（一标段）,CRCCRE-SJ-GC-2021-006,施工图设计,中铁建河北雄安城市发展有限公司,9231938.78,143
2024,雄安,2024-09-09,雄安站枢纽片区2号地项目（其他）,CRCCRE-SJ-GC-2024-010,竣工图,中铁城建集团有限公司天津分公司,126358.81,144
2019,北方,2019-09-01,天津国印项目,CRCCRE-SJ-XM-2019-008,方案,天津华汇工程建筑设计有限公司,200000,145
2021,北方,2021-09-10,"青岛铁建康养城项目
（其他）",CRCCRE-SJ-ZX-2021-009,咨询,中铁建康养产业发展有限公司，甲方名称变更为中铁建康养产业发展（青岛）投资有限公司,1253000,146
2022,外部,2022-01-10,扬中际华园项目（废）,CRCCRE-SJ-CZ-2022-001,可研,际华集团江苏实业投资有限公司,485298,147
2022,外部,2022-05-01,广州花都,/,投标补偿,深圳市粤鹏建设有限公司,140000,148
2019,贵州,2019-06-21,中国铁建西派府项目,CRCCRE-SJ-CZ-2019-005,方案,遵义黔贵房地产开发有限公司,5400000,149
2024,贵州,2024-12-30,创作二室-贵州区域可研CZ-2024-026,CRCCRE-SJ-CZ-2024-026,可研,中铁房地产集团（贵州）有限公司,480000,150
2019,贵州,2019-12-30,"可研框架协议合同
（完成）",CRCCRE-SJ-CZ-2019-020,可研,中铁房地产集团（贵州）有限公司,300000,151
2022,贵州,2022-05-08,"贵州可研框架
（完成）",CRCCRE-SJ-CZ-2019-020-B1,可研,中铁房地产集团（贵州）有限公司,300000,152
2017,贵州,2017-12-29,贵安山语城B地块项目,CRCCRE-SJ-CZ-2017-021,方案,中铁建房地产集团（贵安）有限公司,6880535.42,153
2017,贵州,2017-10-01,贵安山语城A地块项目,CRCCRE-SJ-ZX-2017-007,咨询,中铁建房地产集团（贵安）有限公司,1609005,154
2017,贵州,2017-12-13,贵安山语城B地块项目(完成),CRCCRE-SJ-ZX-2017-011,咨询,中铁建房地产集团（贵安）有限公司,1563758.05,155
2016,贵州,2016-12-26,贵阳国际城,CRCCRE-SJ-ZX-2016-005,咨询,贵州中泓房地产开发有限公司,3381538.26,156
2020,贵州,2020-01-14,"贵阳国际城
(完成)",CRCCRE-SJ-ZX-2020-002,咨询,贵州中泓房地产开发有限公司,337116.29,157
2025,贵州,2025-06-01,贵阳国际城J组团项目,CRCCRE-SJ-CZ-2025-008,方案,贵州中泓房地产开发有限公司,285000,158
2020,贵州,2020-02-12,贵州遵义国际公馆,CRCCRE-SJ-ZX-2020-006,咨询,遵义中铁京筑置业有限公司,1969658,159
2018,贵州,2018-09-26,兰草坝回迁安置项目(完成),CRCCRE-SJ-CZ-2018-028,可研,中铁房地产集团（贵州）有限公司,100000,160
2020,贵州,2020-08-07,兰草坝02号地块项目,CRCCRE-SJ-BIM-2020-016,BIM,中铁房地产集团（贵阳）有限公司,836794.5,161
2021,贵州,2021-06-22,贵州双龙航空港大数据项目（A、B园）,CRCCRE-SJ-ZX-2021-005,咨询,贵州中广文创城置业有限公司,3753719.36,162
2021,贵州,2021-07-29,贵安山语城项目A段商业街,CRCCRE-SJ-CZ-2021-007,方案+施工图,中铁建房地产集团（贵安）有限公司,1016028,163
2021,贵州,2021-07-06,贵阳兰草坝售楼处,CRCCRE-SJ-BIM-2021-008,BIM+咨询,中铁房地产集团（贵州）有限公司,250000,164
2019,贵州,2019-11-20,张家口林语山悦项目,CRCCRE-SJ-ZX-2019-012,咨询,中铁房地产集团文旅发展有限公司,465944.85,165
2020,贵州,2020-10-31,贵阳阳明文旅城项目,CRCCRE-SJ-ZX-2020-016,咨询,贵州中卓文旅置业有限公司,2436066,166
2021,贵州,2021-12-30,贵阳车水路GD（21）007号地块项目01、05地块,CRCCRE-SJ-ZX-2021-015,咨询,贵阳中铁城市建设投资有限公司,1299194.55,167
2022,贵州,2022-12-20,贵阳兰草坝灯笼坡地块项目（不审计）,CRCCRE-SJ-CZ-2022-024,方案,中铁房地产集团（贵州）有限公司,8528176,168
2021,贵州,2021-07-16,"贵阳阳明文旅城项目
（语系）",CRCCRE-SJ-CZ-2021-015,方案+售楼处施工图+施工图设计委托管理,贵州中卓文旅置业有限公司,12781209.3,169
2021,贵州,2021-09-15,贵阳铁建城项目,CRCCRE-SJ-XM-2021-018,"1.可持续发展专题2.交通专题
3.人工湖水生态环境设计专题
4.设计管理工作","中铁房地产集团（贵州）有限公司
",804065,170
2021,贵州,2021-11-15,贵阳铁建城项目,CRCCRE-SJ-XM-2021-018-B2,"1.可持续发展专题2.交通专题
3.人工湖水生态环境设计专题
4.设计管理工作",中铁房地产集团（贵阳）有限公司,506198,171
2021,贵州,2021-11-15,贵阳铁建城项目,CRCCRE-SJ-XM-2021-018-B1,"1.可持续发展专题2.交通专题
3.人工湖水生态环境设计专题
4.设计管理工作",贵阳中铁城市建设投资有限公司,1615737,172
2018,西南,2018-07-17,"成都青羊售楼处项目
（完成）",CRCCRE-SJ-ZX-2018-006,咨询,成都中铁瑞兴房地产开发有限公司 ,1041810.7,173
2020,西南,2020-07-17,四川成都青羊137地块（完成）（案名：西派金沙）,CRCCRE-SJ-ZX-2020-011,咨询,成都乐欣置业有限公司,669825.5,174
2020,西南,2020-10-16,"四川成都青羊137地块（二期）
（完成）（案名：西派金沙）",CRCCRE-SJ-ZX-2020-015,咨询,成都乐欣置业有限公司,501272.45,175
2021,西南,2021-01-15,"四川成都青羊137地块（三期）
（完成）（案名：西派金沙）",CRCCRE-SJ-ZX-2021-001,咨询,成都乐欣置业有限公司,642915.04,176
2024,贵州,2024-04-22,贵阳兰草坝棚户区03-01地块,CRCCRE-SJ-XM-2024-006,方案+景观+精装+咨询+多维汇报,贵州甲秀鹏程置业有限公司,12698912.08,177
2018,西南,2018-06-04,"成都双流华府项目

（西派国樾）
（完成）",CRCCRE-SJ-ZX-2018-005,咨询,成都中铁华府置业有限公司,3508155,178
2018,西南,2018-12-01,"昆明逸都小区B、C地块
（完成）",CRCCRE-SJ-ZX-2018-010,咨询,中铁建昆仑云南房地产有限公司,1108925,179
2018,西南,2018-07-26,"重庆寸滩项目
（西派城）",CRCCRE-SJ-ZX-2018-007,咨询,中铁房地产集团重庆有限公司,6559781.9,180
2018,西南,2018-07-26,"重庆-寸滩项目（A-34-1-19-07地块）-超豪宅项目结构顾问
(未启动)",CRCCRE-SJ-ZX-2018-007,咨询,中铁房地产集团重庆有限公司,2250000,181
2020,西南,2020-01-14,重庆茶园A81（南山和院）,CRCCRE-SJ-ZX-2020-001,咨询,重庆泽润置业有限公司,224904.15,182
2021,西南,2021-12-02,"成都高新区新川105亩地项目
（完成）
（案名：新川樾）",CRCCRE-SJ-ZX-2021-013,咨询,成都樾美置业有限公司,917827.68,183
2021,西南,2021-12-21,"成都双流东升118亩地项目
（完成）
（案名：双楠樾府）",CRCCRE-SJ-ZX-2021-011,咨询,成都都樾置业有限公司,789988.5,184
2021,西南,2021-12-21,"成都双流东升47亩地项目
（完成）（案名：棠樾）",CRCCRE-SJ-ZX-2021-012,咨询,成都冠樾置业有限公司,318727,185
2022,西南,2022-12-18,"成都青羊40亩项目
（锦樾）
（完成）",CRCCRE-SJ-ZX-2022-006,咨询,成都耀派置业有限公司,346166.75,186
2022,西南,2022-12-18,"成都青羊101亩项目
（青羊樾府）（完成）",CRCCRE-SJ-ZX-2022-005,咨询,成都佳派置业有限公司,683606,187
2023,西南,2023-12-20,高新西区26亩项目,CRCCRE-SJ-ZX-2023-054,精审+BIM,四川国恒建筑设计有限公司,46400,188
2023,西南,2023-12-20,高新西区26亩项目,CRCCRE-SJ-ZX-2023-055,精审+BIM,四川国恒建筑设计有限公司,210000,189
2024,西南,2024-01-18,"成都市双流区麓湖76亩项目
（西派臻境）",CRCCRE-SJ-XM-2023-087,方案+景观+精装+咨询+多维汇报,成都冠麓置业有限公司,7875534.04,190
2024,西南,2024-08-14,"成都市双流区麓湖76亩项目
（西派臻境）",CRCCRE-SJ-XM-2023-087-B1,BIM+精装样板间,成都冠麓置业有限公司,299137.39,191
2024,西南,2024-06-19,"成都武侯区51亩住宅及配套项目
（西派善境）",CRCCRE-SJ-XM-2024-021,方案+景观+精装+BIM,成都蓉派置业有限公司,6469085.72,192
2024,西南,2024-11-18,"成都锦江区31亩项目
（西派交子）",CRCCRE-SJ-XM-2024-055,方案+景观+精装+BIM,成都中铁建锦城投资有限公司,4223837.65,193
2025,西南,2025-11-12,"成都武侯区54.63亩项目
（武侯西派御府）",CRCCRE-SJ-XM-2025-036,方案+景观+精装+BIM,成都能安置业有限公司,9455119.11,194
2018,华中,2018-09-10,"太原项目
（完成）",CRCCRE-SJ-CZ-2018-054,方案,太原中铁房地产开发有限公司,4440619.58,195
2020,华中,2020-09-10,"太原市万柏林区东社村
（完成）",CRCCRE-SJ-CZ-2018-054-B1,方案,太原中铁房地产开发有限公司,350000,196
2021,华中,2021-01-05,"太原山语城
（西府国际）
（完成）",CRCCRE-SJ-BIM-2021-001,BIM,太原中铁房地产开发有限公司,158103.53,197
2018,华中,2018-12-30,新疆昌吉市新悦铭城地块、新疆乌鲁木齐城市进入研究顾问、新疆昌吉市城市进入研究顾问,CRCCRE-SJ-CH-2018-019,策划,太原中铁房地产开发有限公司,200000,198
2018,华中,2018-12-30,太原置业方案可研,CRCCRE-SJ-CZ-2018-052,可研,太原中铁房地产开发有限公司,400000,199
2019,华中,2019-06-20,太原花语堂项目,CRCCRE-SJ-ZX-2019-009,咨询,太原中铁嘉晟房地产开发有限公司,2025634.65,200
2020,华中,2020-08-10,太原花语堂项目（完成）,CRCCRE-SJ-BIM-2020-013,BIM,太原中铁嘉晟房地产开发有限公司,3700000,201
2023,华中,2023-07-21,西安西派璟悦,CRCCRE-SJ-XM-2023-020,设计总包（方案外委）,西安国际港务区京港房地产开发有限公司,4001085,202
2023,华中,2023-07-21,西安西派璟悦,CRCCRE-SJ-XM-2023-020,设计总包（景观外委）,西安国际港务区京港房地产开发有限公司,2759220,203
2023,华中,2023-07-21,西安西派璟悦,CRCCRE-SJ-XM-2023-020,设计总包（精装外委）,西安国际港务区京港房地产开发有限公司,1260000,204
2023,华中,2023-07-21,西安西派璟悦,CRCCRE-SJ-XM-2023-020,设计总包（自揽BIM部分）,西安国际港务区京港房地产开发有限公司,477082,205
2023,华中,2023-07-21,西安西派璟悦,CRCCRE-SJ-XM-2023-020,设计总包（自揽咨询部分）,西安国际港务区京港房地产开发有限公司,679276.5,206
2023,华中,2023-07-21,西安西派璟悦,CRCCRE-SJ-XM-2023-020,设计总包（专项外委：创新售楼处、泛光）,西安国际港务区京港房地产开发有限公司,480000,207
2023,华中,2023-10-20,"西安港务区93亩项目
（西派麟悦）
（完结）",CRCCRE-SJ-XM-2023-054,设计总包（方案外委）,西安国际港务区京港房地产开发有限公司,3005429.58,208
2023,华中,2023-10-20,"西安港务区93亩项目
（西派麟悦）
（完结）",CRCCRE-SJ-XM-2023-054,设计总包（景观外委）,西安国际港务区京港房地产开发有限公司,3031301,209
2023,华中,2023-10-20,"西安港务区93亩项目
（西派麟悦）
（完结）",CRCCRE-SJ-XM-2023-054,设计总包（精装外委）,西安国际港务区京港房地产开发有限公司,1602858.89,210
2023,华中,2023-10-20,"西安港务区93亩项目
（西派麟悦）
（完结）",CRCCRE-SJ-XM-2023-054,设计总包（自揽BIM部分）,西安国际港务区京港房地产开发有限公司,1011151.3,211
2023,华中,2023-10-20,"西安港务区93亩项目
（西派麟悦）
（完结）",CRCCRE-SJ-XM-2023-054,设计总包（自揽咨询部分）,西安国际港务区京港房地产开发有限公司,594268.86,212
2023,华中,2023-10-20,"西安港务区93亩项目
（西派麟悦）
（完结）",CRCCRE-SJ-XM-2023-054,设计总包（自揽精审部分）,西安国际港务区京港房地产开发有限公司,191699.63,213
2023,华中,2023-12-15,西安西派玺樾（推广名：西派玺悦）,CRCCRE-SJ-XM-2023-073,设计总包（方案外委）,西安铁昇房地产开发有限公司,5185500,214
2023,华中,2023-12-15,西安西派玺樾（推广名：西派玺悦）,CRCCRE-SJ-XM-2023-073,设计总包（景观外委）,西安铁昇房地产开发有限公司,1715044,215
2023,华中,2023-12-15,西安西派玺樾（推广名：西派玺悦）,CRCCRE-SJ-XM-2023-073,设计总包（精装外委）,西安铁昇房地产开发有限公司,3239912,216
2023,华中,2023-12-15,西安西派玺樾（推广名：西派玺悦）,CRCCRE-SJ-XM-2023-073,设计总包（自揽BIM部分）,西安铁昇房地产开发有限公司,1035000,217
2023,华中,2023-12-15,西安西派玺樾（推广名：西派玺悦）,CRCCRE-SJ-XM-2023-073,设计总包（自揽咨询部分）,西安铁昇房地产开发有限公司,791600,218
2023,华中,2023-12-15,西安西派玺樾（推广名：西派玺悦）,CRCCRE-SJ-XM-2023-073,设计总包（自揽精审部分）,西安铁昇房地产开发有限公司,197900,219
2024,华中,2024-05-20,西安井上村DK9地块项目（西派天麓）语,CRCCRE-SJ-XM-2024-018,"设计总包
（方案外委）",西安景悦房地产开发有限公司,1466871.2,220
2024,华中,2024-05-20,西安井上村DK9地块项目（西派天麓）语,CRCCRE-SJ-XM-2024-018,"设计总包
（景观外委）",西安景悦房地产开发有限公司,927000,221
2024,华中,2024-05-20,西安井上村DK9地块项目（西派天麓）语,CRCCRE-SJ-XM-2024-018,"设计总包
（精装外委）
展示区、公区部分",西安景悦房地产开发有限公司,610710.3,222
2024,华中,2024-05-20,西安井上村DK9地块项目（西派天麓）语,CRCCRE-SJ-XM-2024-018,"设计总包
（精装外委）
配套公建部分",西安景悦房地产开发有限公司,225200,223
2024,华中,2024-05-20,西安井上村DK9地块项目（西派天麓）语,CRCCRE-SJ-XM-2024-018,"设计总包
（自揽BIM部分）",西安景悦房地产开发有限公司,524437.32,224
2024,华中,2024-05-20,西安井上村DK9地块项目（西派天麓）语,CRCCRE-SJ-XM-2024-018,"设计总包
（自揽咨询部分）",西安景悦房地产开发有限公司,369164.08,225
2024,华中,2024-05-20,西安井上村DK9地块项目（西派天麓）语,CRCCRE-SJ-XM-2024-018,"设计总包
（自揽精审）",西安景悦房地产开发有限公司,92291.02,226
2024,华中,2024-05-22,西安中国铁建·语澜溪项目,CRCCRE-SJ-XM-2024-019,"设计总包
（方案外委）",西安国际港务区港新房地产开发有限公司,2484539,227
2024,华中,2024-05-22,西安中国铁建·语澜溪项目,CRCCRE-SJ-XM-2024-019,"设计总包
（景观外委）",西安国际港务区港新房地产开发有限公司,1131400,228
2024,华中,2024-05-22,西安中国铁建·语澜溪项目,CRCCRE-SJ-XM-2024-019,"设计总包
（精装外委）",西安国际港务区港新房地产开发有限公司,1960564.3,229
2024,华中,2024-05-22,西安中国铁建·语澜溪项目,CRCCRE-SJ-XM-2024-019,"设计总包
（自揽BIM）",西安国际港务区港新房地产开发有限公司,810840,230
2024,华中,2024-05-22,西安中国铁建·语澜溪项目,CRCCRE-SJ-XM-2024-019,"设计总包
（自揽咨询）",西安国际港务区港新房地产开发有限公司,615844,231
2024,华中,2024-05-22,西安中国铁建·语澜溪项目,CRCCRE-SJ-XM-2024-019,"设计总包
（自揽精审）",西安国际港务区港新房地产开发有限公司,153961,232
2024,华中,2024-07-04,"西安井上村DK8地块项目（商办）
（西派天峰中心）",CECCRE-SJ-XM-2024-029,"设计总包
（景观外委）",西安景信房地产开发有限公司,1132955,233
2024,华中,2024-07-04,"西安井上村DK8地块项目（商办）
（西派天峰中心）",CECCRE-SJ-XM-2024-029,"设计总包
（精装外委）",西安景信房地产开发有限公司,1036881,234
2024,华中,2024-07-04,"西安井上村DK8地块项目（商办）
（西派天峰中心）",CECCRE-SJ-XM-2024-029,"设计总包
（自揽BIM）",西安景信房地产开发有限公司,1147644.2,235
2024,华中,2024-07-04,"西安井上村DK8地块项目（商办）
（西派天峰中心）",CECCRE-SJ-XM-2024-029,"设计总包
（自揽咨询）",西安景信房地产开发有限公司,459057.68,236
2024,华中,2024-07-04,"西安井上村DK8地块项目（商办）
（西派天峰中心）",CECCRE-SJ-XM-2024-029,"设计总包
（自揽精审）",西安景信房地产开发有限公司,114764.42,237
2024,华中,2024-07-04,"西安井上村DK8地块项目（商办）
（西派天峰中心）",CECCRE-SJ-XM-2024-029,"设计总包
（交通专项外委部分）",西安景信房地产开发有限公司,360000,238
2024,华中,2024-07-26,西安井上村DK8地块项目（西派天著）,CRCCRE-SJ-XM-2024-031,"设计总包
（景观外委）",西安景信房地产开发有限公司,2756380.5,239
2024,华中,2024-07-26,西安井上村DK8地块项目（西派天著）,CRCCRE-SJ-XM-2024-031,"设计总包
（精装外委）",西安景信房地产开发有限公司,2133613.3,240
2024,华中,2024-07-26,西安井上村DK8地块项目（西派天著）,CRCCRE-SJ-XM-2024-031,"设计总包
（自揽BIM）",西安景信房地产开发有限公司,1388990.93,241
2024,华中,2024-07-26,西安井上村DK8地块项目（西派天著）,CRCCRE-SJ-XM-2024-031,"设计总包
（自揽咨询）",西安景信房地产开发有限公司,1095783.96,242
2024,华中,2024-07-26,西安井上村DK8地块项目（西派天著）,CRCCRE-SJ-XM-2024-031,"设计总包
（自揽精审）",西安景信房地产开发有限公司,273945.99,243
2024,华中,2024-08-01,西安西派和樾,CRCCRE-SJ-XM-2024-037,BIM地上+地下,西安越隽恒铁房地产开发有限公司,998712.23,244
2024,华中,2024-08-01,西安西派和樾,CRCCRE-SJ-XM-2024-037,精审,西安越隽恒铁房地产开发有限公司,187326.41,245
2024,华中,2024-09-27,西安西派天峯中心项目(DK9商办),CRCCRE-SJ-XM-2024-049,"设计总包
（方案外委）",西安景悦房地产开发有限公司,917391.68,246
2024,华中,2024-09-27,西安西派天峯中心项目(DK9商办),CRCCRE-SJ-XM-2024-049,"设计总包
（景观外委）",西安景悦房地产开发有限公司,448089.6,247
2024,华中,2024-09-27,西安西派天峯中心项目(DK9商办),CRCCRE-SJ-XM-2024-049,"设计总包
（精装外委）",西安景悦房地产开发有限公司,297041.2,248
2024,华中,2024-09-27,西安西派天峯中心项目(DK9商办),CRCCRE-SJ-XM-2024-049,"设计总包
（自揽BIM）",西安景悦房地产开发有限公司,386997.1,249
2024,华中,2024-09-27,西安西派天峯中心项目(DK9商办),CRCCRE-SJ-XM-2024-049,"设计总包
（自揽咨询）",西安景悦房地产开发有限公司,154798.84,250
2024,华中,2024-09-27,西安西派天峯中心项目(DK9商办),CRCCRE-SJ-XM-2024-049,"设计总包
（自揽精审）",西安景悦房地产开发有限公司,38699.71,251
2025,华中,2025-04-29,"西安港务区46亩项目
（花语博悦）",CRCCRE-SJ-XM-2025-009,"设计总包
（方案外委）",西安国际港务区京港房地产开发有限公司,1952770.09,252
2025,华中,2025-04-29,"西安港务区46亩项目
（花语博悦）",CRCCRE-SJ-XM-2025-009,"设计总包
（景观外委）",西安国际港务区京港房地产开发有限公司,677200,253
2025,华中,2025-04-29,"西安港务区46亩项目
（花语博悦）",CRCCRE-SJ-XM-2025-009,"设计总包
（精装外委）",西安国际港务区京港房地产开发有限公司,1201529.7,254
2025,华中,2025-04-29,"西安港务区46亩项目
（花语博悦）",CRCCRE-SJ-XM-2025-009,"设计总包
（自揽BIM）",西安国际港务区京港房地产开发有限公司,306794.98,255
2025,华中,2025-04-29,"西安港务区46亩项目
（花语博悦）",CRCCRE-SJ-XM-2025-009,"设计总包
（自揽咨询）",西安国际港务区京港房地产开发有限公司,393589.96,256
2025,华中,2025-04-29,"西安港务区46亩项目
（花语博悦）",CRCCRE-SJ-XM-2025-009,"设计总包
（自揽精审）",西安国际港务区京港房地产开发有限公司,98397.49,257
2025,华中,2025-04-29,"西安港务区46亩项目
（花语博悦）",CRCCRE-SJ-XM-2025-009,"设计总包
（智能化外委）",西安国际港务区京港房地产开发有限公司,127916.74,258
2025,华中,2025-06-30,西安高新区31亩项目,CRCCRE-SJ-BIM-2025-003,BIM,西安铁晟越合房地产开发有限公司,273650.01,259
2020,华中,2020-03-13,西安西派国际项目（明月府邸）（完成）,CRCCRE-SJ-XM-2019-005,BIM,甲：中国铁建房地产集团有限公司 乙：西安中铁京泰房地产开发有限公司,4077227.24,260
2020,物业,2020-03-02,"复兴路40号院职工家属区项目
(完成)",CRCCRE-SJ-GC-2020-002,施工图,中铁建物业管理有限公司,750000,261
2020,物业,2020-03-02,"玉泉路65号和19号院小区改造工程
(完成)",CRCCRE-SJ-GC-2020-003,施工图,中铁建物业管理有限公司,420000,262
2019,物业,2019-11-15,"梧桐苑项目小市政管道改造工程
(完成)",CRCCRE-SJ-GC-2019-002,施工图,中铁建物业管理有限公司,420000,263
2021,华中,2021-03-19,太原武宿机场片区,CRCCRE-SJ-CZ-2021-002,方案,中铁房地产集团华中有限公司,1620000,264
2022,华中,2022-09-30,"西派樘樾小区项目
（不审计）
（完成）",CRCCRE-SJ-XM-2022-031,方案+施工图,西安铁晟房地产开发有限公司,1714653,265
2018,外部,2018-10-23,"中铁十九局御水澜湾
（完成）",CRCCRE-SJ-ZX-2018-008,咨询,中铁十九局集团（沈阳）房地产开发有限公司,2342284,266
2018,外部,2018-06-04,玉泉路项目,CRCCRE-SJ-ZX-2018-004,咨询,北京中实置业有限公司,668682,267
2020,外部,2020-04-04,"中车·国际广场三期项目
（完成）",CRCCRE-SJ-BIM-2020-005,BIM,中车置业（太原）有限公司,995225.46,268
2020,外部,2020-12-04,温州未来社区精装项目,CRCCRE-SJ-GC-2020-010,精装,温州京瓯城市开发有限公司,608000,269
2019,商业,2019-11-15,天津榆关道项目,CRCCRE-SJ-CZ-2019-016,策划+方案+施工图,中铁房地产兴泰（天津）置业有限公司,2281650,270
2022,商业,2022-12-28,天津榆关道项目,CRCCRE-SJ-CZ-2019-016-B1,方案+施工图,中铁房地产兴泰（天津）置业有限公司,1612328.5,271
2019,商业,2019-06-26,天津诗景软装（完成）,CRCCRE-SJ-CZ-2019-006,软装管理,中铁房地产集团商业地产开发管理有限公司,1490000,272
2020,商业,2020-07-15,天津诗景软装（完成）,CRCCRE-SJ-CZ-2019-006-B1,软装管理,中铁房地产集团商业地产开发管理有限公司,86000,273
2017,商业,2017-09-27,"天津国际城1A、1B
（中止）",CRCCRE-SJ-CZ-2017-015,精装管理,中铁房地产集团商业地产开发管理有限公司,450000,274
2018,商业,2018-12-07,天津赵沽里,CRCCRE-SJ-CZ-2018-050,方案+咨询+施工图外委,中铁房地产兴泰（天津）置业有限公司,6420242.11,275
2020,商业,2020-01-10,天津赵沽里,CRCCRE-SJ-CZ-2018-050-B1,施工图外委,中铁房地产兴泰（天津）置业有限公司,80000,276
2018,商业,2018-11-09,商业公司可研,CRCCRE-SJ-CZ-2018-038,可研,中铁房地产集团商业地产开发管理有限公司,1000000,277
2021,商业,2021-07-20,天津赵沽里项目,CRCCRE-SJ-CZ-2018-050-B2,施工图外委,中铁房地产兴泰（天津）置业有限公司,80000,278
2022,商业,2022-04-01,天津赵沽里项目,CRCCRE-SJ-CZ-2018-050-B3,施工图外委,中铁房地产兴泰（天津）置业有限公司,170000,279
2020,商业,2020-05-19,商业公司可研补充协议（完成）,CRCCRE-SJ-CZ-2018-038-B1,可研,中铁房地产集团商业地产开发管理有限公司,1000000,280
2017,商业,2017-04-24,中国铁建国际城3C、5B（暂停）,CRCCRE-SJ-ZX-2017-005,咨询,中铁房地产集团商业地产管理有限公司,604800,281
2017,华东,2017-05-04,舟山项目（不再跟进）,CRCCRE-SJ-CZZX-2017-005,可研,中铁房地产集团华东有限公司,150000,282
2017,华东,2017-03-24,嘉兴花语江南（完成）,CRCCRE-SJ-CZZX-2017-002,方案管理+咨询,嘉兴京禾房地产开发有限公司,1768044,283
2017,华东,2017-06-20,苏州工业园项目（苏州花语江南）,CRCCRE-SJ-CZZX-2017-007,方案管理+咨询,中铁房地产集团苏州置业有限公司,16553396,284
2017,华东,2017-09-28,江苏置业可研（完成）,CRCCRE-SJ-CZ-2017-013,可研,中铁建房地产集团江苏置业有限公司,450000,285
2018,华东,2018-07-16,苏州拙政园项目（苏州拙政江南）,CRCCRE-SJ-CZ-2018-022,方案管理+咨询,苏州京园房地产投资有限公司,799248,286
2018,华东,2018-05-03,宁波湾头8号地（宁波花语江湾）,CRCCRE-SJ-CZ-2018-012,方案管理+咨询,宁波京湾投资管理有限公司,6668685.2,287
2018,华东,2018-08-08,宁波海曙气象路（宁波海语天下）,CRCCRE-SJ-CZ-2018-025,方案管理+咨询,宁波京海投资管理有限公司,9541581.97,288
2018,华东,2018-05-03,嘉兴经开项目（嘉兴江南国际城）（完成）,CRCCRE-SJ-CZ-2018-020,方案管理+咨询,嘉兴经开房地产开发有限公司,9646555,289
2018,华东,2018-05-09,南京雨花项目（南京花语江南）（完结）,CRCCRE-SJ-CZ-2018-013,方案管理+咨询,南京京瑞房地产投资有限公司,5996408.52,290
2018,华东,2018-09-12,常州水投一号项目（常州花语江南）,CRCCRE-SJ-CZ-2018-031,方案管理+咨询,常州京瑞房地产开发有限公司,5303628,291
2018,华东,2018-09-05,湖州德清项目（德清莫干山语）（完结）,CRCCRE-SJ-CZ-2018-029,管理+咨询,德清京盛房地产开发有限公司,12632641,292
2017,华东,2017-02-25,上海奉贤西渡（完成）,CRCCRE-SJ-ZX-2017-003,咨询,上海中铁京贤房地产有限公司,1590577,293
2017,华东,2017-03-01,中国铁建青秀澜湾建（完成）,CRCCRE-SJ-ZX-2017-004,咨询,中铁房地产集团宁波京平置业有限公司,1392530,294
2017,华东,2017-11-01,宁波象山（大目湾新城）（完成）,CRCCRE-SJ-ZX-2017-010,咨询,中铁房地产集团宁波京城投资有限公司,760074,295
2018,华东,2018-12-10,宁波湾头项目（宁波花语江湾）,CRCCRE-SJ-BIM-2018-004,BIM,宁波京湾投资管理有限公司,732519.38,296
2017,华东,2017-11-01,嘉兴花语江南（完成）,CRCCRE-SJ-BIM-2017-005,BIM,嘉兴京禾房地产开发有限公司,391860,297
2019,华东,2019-05-22,嘉兴经开项目（嘉兴江南国际城）（完成）,CRCCRE-SJ-BIM-2019-002,BIM,嘉兴京开房地产开发有限公司,453026.86,298
2018,商业,2018-03-26,怀来地块项目,CRCCRE-SJ-CH-2018-006,策划,中铁房地产集团商业地产开发管理有限公司,100000,299
2018,商业,2018-09-07,项目策划咨询顾问框架,CRCCRE-SJ-CH-2018-016,策划,中铁房地产集团商业地产开发管理有限公司,1000000,300
2020,华东,2020-02-20,南京G15地块项目方案设计部分,CRCCRE-SJ-XM-2020-004,方案+方案报建配合外委+日照分析外委,南京京盛房地产开发有限公司,3378592.79,301
2020,华东,2020-02-20,南京G15地块项目施工图设计部分,CRCCRE-SJ-XM-2020-004,施工图外委,南京京盛房地产开发有限公司,4424501.74,302
2020,华东,2020-02-20,南京G15地块项目PC专项部分,CRCCRE-SJ-XM-2020-004,PC外委,南京京盛房地产开发有限公司,2349762.75,303
2020,华东,2020-02-20,南京G15地块项目景观设计部分,CRCCRE-SJ-XM-2020-004,景观外委,南京京盛房地产开发有限公司,1685346.25,304
2020,华东,2020-02-20,南京G15地块项目精装设计部分,CRCCRE-SJ-XM-2020-004,精装外委,南京京盛房地产开发有限公司,1138917,305
2020,华东,2020-02-20,南京G15地块项目专项部分,CRCCRE-SJ-XM-2020-004,专项,南京京盛房地产开发有限公司,1002623.99,306
2020,华东,2020-02-20,南京G15地块项目专项部分,CRCCRE-SJ-XM-2020-004,专项,南京京盛房地产开发有限公司,330772.4,307
2020,华东,2020-02-20,南京G15地块项目专项部分,CRCCRE-SJ-XM-2020-004,专项,南京京盛房地产开发有限公司,200000,308
2020,华东,2020-02-20,南京G15地块项目专项部分,CRCCRE-SJ-XM-2020-004,专项,南京京盛房地产开发有限公司,100000,309
2020,华东,2020-02-20,南京G15地块项目专项部分,CRCCRE-SJ-XM-2020-004,专项,南京京盛房地产开发有限公司,78325.44,310
2020,华东,2020-02-20,南京G15地块项目专项部分,CRCCRE-SJ-XM-2020-004,专项,南京京盛房地产开发有限公司,313301.7,311
2020,华东,2020-02-20,南京G15地块项目专项部分,CRCCRE-SJ-XM-2020-004,专项,南京京盛房地产开发有限公司,78325.43,312
2020,华东,2020-02-20,南京G15地块项目咨询部分,CRCCRE-SJ-XM-2020-004,咨询+项目管理,南京京盛房地产开发有限公司,1559637.31,313
2021,华东,2021-09-17,南京G15地块项目补充协议（精装）,CRCCRE-SJ-XM-2020-004-B1,精装管理,南京京盛房地产开发有限公司,76000,314
2022,华东,2022-12-23,南京G19项目（不审计）,CRCCRE-SJ-ZX-2022-003,咨询,中铁上海设计院集团有限公司南京设计院,430000,315
2021,华东,2021-01-14,可研项目方案设计合同（江苏事业部/南京公司）（完成）,CRCCRE-SJ-CZ-2021-001,可研,中铁房地产集团江苏置业有限公司,440000,316
2020,华东,2020-07-07,绍兴花语江南项目（完成）,CRCCRE-SJ-BIM-2020-012,BIM,绍兴京越房地产开发有限公司,1358811.75,317
2020,华东,2020-10-09,苏州中铁建WG-12号地块项目（完成）,CRCCRE-SJ-ZX-2020-012,咨询,苏州京万房地产开发有限公司,1234828,318
2021,华东,2021-07-30,沪通事业部可研项目（上海）,CRCCRE-SJ-CZ-2021-006,可研,上海中铁京贤房地产有限公司,500000,319
2021,华东,2021-10-15,上海青浦赵巷项目（上海花语江南）,CRCCRE-SJ-XM-2021-024,方案+BIM+咨询+管理,上海中铁京鑫房地产有限公司,17680940.89,320
2024,北方,2024-11-15,房山文娱项目,CRCCRE-SJ-GC-2021-005-B1,精装,中铁房地产集团北方有限公司,357652,321
2024,物业,2024-12-10,房山文娱物业公司(1F-3F)精装项目,CRCCRE-SJ-JZ-2024-012,精装,中铁建物业管理有限公司、中铁建物业管理有限公司北京分公司,620000,322
2025,投资公司,2025-07-01,北京房山文娱六层投资公司精装设计项目,CRCCRE-SJ-JZ-2024-010,精装,北京新铁鑫建投资有限公司,201188,323
2024,财务共享,2024-10-31,"北京房山文娱四层南侧财务共享中心精装设计项目
（完成）",CRCCRE-SJ-JZ-2024-011,精装,中国铁建房地产集团有限公司北京同创共享会计服务中心,102000,324
2021,外部,2021-05-01,温州未来社区BIM项目,CRCCRE-SJ-BIM-2021-006,BIM,温州京瓯城市开发有限公司,2164845,325
2021,外部,2021-07-07,"温州未来社区BIM项目
（暂停）",CRCCRE-SJ-BIM-2021-006-B1,BIM,温州京瓯城市开发有限公司,140000,326
2022,外部,2022-11-10,温州未来小学项目部,CRCCRE-SJ-BIM-2022-009,BIM,温州京瓯城市开发有限公司,271865,327
2022,外部,2022-04-21,石景山游乐园生活区服务设施改造工程设计,CRCCRE-SJ-BIM-2022-003,BIM深化,北京石景山游乐园有限公司,150000,328
2018,公寓,2018-09-25,"合肥青秀城19#楼精装修设计
（完成）",CRCCRE-SJ-CZ-2018-032,精装,中铁房地产集团创新产业投资有限公司,640494.7,329
2020,公寓,2020-01-01,"合肥青秀城19#楼精装修设计
（完成）",CRCCRE-SJ-CZ-2018-032,精装,中铁房地产集团城市运营管理有限公司合肥分公司,43460,330
2020,贵州,2020-01-01,可研框架协议,CRCCRE-SJ-CH-2019-011,策划,中铁房地产集团文旅发展有限公司,490000,331
2020,贵州,2020-01-01,可研方案框架协议（完成）,CRCCRE-SJ-CH-2019-022,可研,中铁房地产集团文旅发展有限公,500000,332
2019,公寓,2019-06-28,"框架协议
（完成）",CRCCRE-SJ-CH-2019-004,策划,中铁房地产集团海外地产发展有限公司,1000000,333
2019,公寓,2019-09-25,"宜宾项目
（完成）",CRCCRE-SJ-XM-2019-006,策划,中铁房地产集团海外地产发展有限公司,940000,334
2019,公寓,2019-09-25,"张家口83亩地块项目
（完成）",CRCCRE-SJ-XM-2019-007,策划,中铁房地产集团海外地产发展有限公司,100000,335
2020,公寓,2020-11-23,框架协议,CRCCRE-SJ-CH-2020-006,策划,中铁房地产集团城市运营管理有限公司,900000,336
2017,公寓,2017-11-28,"框架协议
（完成）",CRCCRE-SJ-CH-2019-004,策划,中铁房地产集团海外地产发展有限公司,1000000,337
2019,公寓,2019-04-03,"长租公寓补充协议
（完成）",CRCCRE-SJ-CH-2018-008-B1,策划,中铁房地产集团海外地产发展有限公司,1000000,338
2019,中南,2019-09-25,长沙树木岭项目、长沙火车站项目（完成）,CRCCRE-SJ-CH-2019-010,策划,中铁房地产集团长沙置业岳麓分公司,160000,339
2019,中南,2019-08-26,武汉公司可研（完成）,CRCCRE-SJ-CZ-2019-015,可研,武汉京铁房地产开发有限公司,1000000,340
2019,华南,2019-06-01,广州市增城区项目（完成）,CRCCRE-SJ-ZX-2019-005,咨询,广州市增城区顺轩房地产有限公司,1174908,341
2019,华南,2019-06-01,广州市番禺安美厂项目（完成）,CRCCRE-SJ-ZX-2019-006,咨询,广州市番禺区顺诚房地产有限公司,738283,342
2019,中南,2019-06-20,"武汉蔡甸B地块项目
（完成）",CRCCRE-SJ-ZX-2019-003,咨询,中铁房地产武汉蔡甸有限公司,1417269,343
2019,中南,2019-12-25,"武汉蔡甸A地块项目
（完成）",CRCCRE-SJ-ZX-2019-015,咨询,中铁房地产武汉蔡甸有限公司,2947934.99,344
2019,中南,2019-06-26,"武汉东西湖项目
（完成）",CRCCRE-SJ-ZX-2019-004,咨询,武汉京铁房地产开发有限公司,1549464,345
2019,中南,2019-07-03,"合肥清樾园
（B地块）",CRCCRE-SJ-ZX-2019-008,咨询,中铁房地产集团合肥蜀山置业有限公司,834565.69,346
2019,北方,2019-10-31,北京亦庄项目（完成）,CRCCRE-SJ-XM-2019-003,BIM,北京昊远置业有限公司,876408.6,347
2019,北方,2019-10-31,"亦庄项目
（完成）",CRCCRE-SJ-XM-2019-002,咨询,北京昊远置业有限公司,877995,348
2018,公寓,2018-01-01,"大兴黄村镇兴华大街
（完成）",CRCCRE-SJ-ZX-2018-002,咨询,北京欣达置业有限公司,1428434,349
2018,中南,2018-08-01,"阜阳项目
（完成）",CRCCRE-SJ-CZ-2018-027,可研,中铁房地产集团合肥蜀山置业有限公司,250000,350
2018,公寓,2018-12-01,泰国TOD项目（完成）,CRCCRE-SJ-CZ-2018-039,管理,泰国连接三机场高速铁路项目设计管理服务合同,1754200,351
2018,公寓,2018-07-01,北京大兴黄村项目,CRCCRE-SJ-BIM-2018-005,BIM,北京欣达置业有限公司,1934892.27,352
2017,华南,2017-10-01,安吉山语城（已更正23.3.14）,CRCCRE-SJ-ZX-2017-002,咨询,广西领筑置业有限公司,1767020,353
2017,华南,2017-08-01,琅岐山语城（完成）,CRCCRE-SJ-ZXZX-2017-006,咨询,中铁房地产集团（福州）有限公司,1817900,354
2017,华南,2017-09-01,福州马宗地项目（完成）,CRCCRE-SJ-CZZX-2017-009,可研,中铁房地产集团（福州）有限公司,8000,355
2018,公寓,2018-03-15,北京大兴黄村项目,CRCCRE-SJ-CZ-2018-004,精装,北京欣达置业有限公司,2024765.69,356
2017,中南,2017-01-01,长沙芙蓉项目（完成）,CRCCRE-SJ-CZZX-2016-005,可研,中铁房地产集团长沙置业有限公司,50000,357
2017,中南,2017-01-01,武汉蔡甸项目（完成）,CRCCRE-SJ-CZZX-2016-006,可研,中铁房地产集团武汉有限公司,100000,358
2021,中南,2021-06-10,可研方案设计（完成）,CRCCRE-SJ-CZ-2021-005,可研,武汉京铁房地产开发有限公司,180000,359
2021,中南,2021-12-22,可研方案设计（完成）,CRCCRE-SJ-XM-2021-054,可研,中铁房地产集团长沙置业有限公司岳麓分公司,200000,360
2020,中南,2020-11-04,合肥事业部固镇路中学地块,CRCCRE-SJ-CZ-2020-016,可研,中铁房地产集团合肥蜀山置业有限公司,100000,361
2017,公寓,2017-09-25,海外公司可研（完成）,CRCCRE-SJ-CZ-2017-014,可研,中铁房地产集团海外地产发展有限公司,900000,362
2017,中南,2017-11-01,长沙梅溪青秀（完成）,CRCCRE-SJ-ZX-2017-008,咨询,中铁房地产集团长沙置业有限公司,2093180.6,363
2017,中南,2017-12-12,合肥悦湖国际（完成）,CRCCRE-SJ-CZ-2017-017,方案+咨询,中铁房地产集团合肥京丰置业有限公司,5272251.12,364
2016,华南,2016-08-01,云景山语城（完成）,CRCCRE-SJ-ZX-2016-001,咨询,中铁房地产集团（广西）有限公司,700000,365
2016,华南,2016-11-05,中国铁建·西派澜岸（完成）,CRCCRE-SJ-CZZX-2016-002,管理,中铁房地产集团(广西)有限公司,783000,366
2016,中南,2016-11-05,皖水路南89亩地块,CRCCRE-SJ-CZZX-2016-002,可研,中铁房地产集团合肥蜀山置业有限公司,40000,367
2022,中南,2022-10-31,合肥青秀城东区项目,CRCCRE-SJ-BIM-2022-007,BIM,中铁房地产集团合肥蜀山置业有限公司,400000,368
2022,中南,2022-10-31,"清溪国际可研
（13块地）
（完成）",CRCCRE-SJ-XM-2022-042,可研,中铁房地产集团合肥蜀山置业有限公司,390000,369
2020,中南,2020-04-24,"长沙梅溪湖
（完成）",CRCCRE-SJ-ZX-2020-008,咨询,长沙京信房地产开发有限公司,892141.45,370
2020,中南,2020-04-25,长沙梅溪湖（完成）,CRCCRE-SJ-CZ-2020-009,方案,长沙京信房地产开发有限公司,1784282.9,371
2022,华南,2022-12-28,广州海珠洛溪桥项目（西派粤府）,CRCCRE-SJ-XM-2022-046,方案管理,中铁房地产集团华南有限公司,1795876.3,372
2022,华南,2022-12-28,广州海珠洛溪桥项目（西派粤府）,CRCCRE-SJ-XM-2022-046,景观管理,中铁房地产集团华南有限公司,780000,373
2022,华南,2022-12-28,广州海珠洛溪桥项目（西派粤府）,CRCCRE-SJ-XM-2022-046,精装管理,中铁房地产集团华南有限公司,347112.5,374
2022,华南,2022-12-28,广州海珠洛溪桥项目（西派粤府）,CRCCRE-SJ-XM-2022-046,BIM,中铁房地产集团华南有限公司,126900,375
2022,华南,2022-12-28,广州海珠洛溪桥项目（西派粤府）,CRCCRE-SJ-XM-2022-046,咨询,中铁房地产集团华南有限公司,424985.4,376
2022,华南,2022-12-28,广州海珠洛溪桥项目（西派粤府）,CRCCRE-SJ-XM-2022-046,管理费,中铁房地产集团华南有限公司,250000,377
2022,华南,2022-12-31,华南可研（完成）,CRCCRE-SJ-CZ-2022-025,可研,广州市龙光骏绅房地产有限公司,160000,378
2020,华南,2020-08-06,江门总部基地（住宅地块）方案部分,CRCCRE-SJ-XM-2020-009,方案部分（外委）,江门江湾南光投资发展有限公司,5177421.88,379
2020,华南,2020-08-06,江门总部基地（住宅地块）施工图部分,CRCCRE-SJ-XM-2020-009,施工图部分（外委）,江门江湾南光投资发展有限公司,5391426.8,380
2020,华南,2020-08-06,江门总部基地（住宅地块）咨询部分,CRCCRE-SJ-XM-2020-009,咨询,江门江湾南光投资发展有限公司,2294491.55,381
2023,华南,2023-12-15,江门总部基地（住宅地块）,CRCCRE-SJ-XM-2020-009-B2,BIM,江门江湾南光投资发展有限公司,80000,382
2020,华南,2020-08-06,江门总部基地（商办地块）方案部分,CRCCRE-SJ-XM-2020-014,方案部分（外委）,江门江湾南光投资发展有限公司,8590787,383
2020,华南,2020-08-06,江门总部基地（商办地块）施工图部分,CRCCRE-SJ-XM-2020-014,施工图部分（公寓部分自揽，其余外委）,江门江湾南光投资发展有限公司,10540287.9,384
2020,华南,2020-08-06,江门总部基地（商办地块）咨询部分,CRCCRE-SJ-XM-2020-014,咨询,江门江湾南光投资发展有限公司,2020231.6,385
2021,华南,2021-12-15,江门总部基地（商办地块）补充协议二（铝模）,CRCCRE-SJ-XM-2020-014-B2,施工图,江门江湾南光投资发展有限公司,224475.26,386
2021,华南,2021-03-08,江门蓬江区代建学校及社区文化中心项目（范罗冈小学华盛校区项目）方案部分（完结）,CRCCRE-SJ-XM-2021-002,方案,江门江湾南光投资发展有限公司,610565.66,387
2021,华南,2021-03-08,江门蓬江区代建学校及社区文化中心项目（范罗冈小学华盛校区项目）施工图部分（完结）,CRCCRE-SJ-XM-2021-002,施工图,江门江湾南光投资发展有限公司,982214.21,388
2021,华南,2021-03-08,江门蓬江区代建学校及社区文化中心项目（范罗冈小学华盛校区项目）专项部分（完结）,CRCCRE-SJ-XM-2021-002,海绵城市,江门江湾南光投资发展有限公司,23394.66,389
2021,华南,2021-03-08,江门蓬江区代建学校及社区文化中心项目（范罗冈小学华盛校区项目）专项部分（完结）,CRCCRE-SJ-XM-2021-002,基坑支护,江门江湾南光投资发展有限公司,35000,390
2021,华南,2021-03-08,江门蓬江区代建学校及社区文化中心项目（范罗冈小学华盛校区项目）专项部分（完结）,CRCCRE-SJ-XM-2021-002,人防,江门江湾南光投资发展有限公司,35283.57,391
2021,华南,2021-03-08,江门蓬江区代建学校及社区文化中心项目（范罗冈小学华盛校区项目）专项部分（完结）,CRCCRE-SJ-XM-2021-002,智能化,江门江湾南光投资发展有限公司,79638.99,392
2021,华南,2021-03-08,江门蓬江区代建学校及社区文化中心项目（范罗冈小学华盛校区项目）专项部分（完结）,CRCCRE-SJ-XM-2021-002,夜景亮化,江门江湾南光投资发展有限公司,58000,393
2021,华南,2021-03-08,江门蓬江区代建学校及社区文化中心项目（范罗冈小学华盛校区项目）专项部分（完结）,CRCCRE-SJ-XM-2021-002,市政道路,江门江湾南光投资发展有限公司,50000,394
2021,华南,2021-03-08,江门蓬江区代建学校及社区文化中心项目（范罗冈小学华盛校区项目）专项部分（完结）,CRCCRE-SJ-XM-2021-002,标识,江门江湾南光投资发展有限公司,79000,395
2021,华南,2021-03-08,江门蓬江区代建学校及社区文化中心项目（范罗冈小学华盛校区项目）专项部分（完结）,CRCCRE-SJ-XM-2021-002,门窗幕墙,江门江湾南光投资发展有限公司,40000,396
2021,华南,2021-03-08,江门蓬江区代建学校及社区文化中心项目（范罗冈小学华盛校区项目）专项部分（完结）,CRCCRE-SJ-XM-2021-002,机电二次配合,江门江湾南光投资发展有限公司,53092.66,397
2021,华南,2021-03-08,江门蓬江区代建学校及社区文化中心项目（滨江学校项目）方案部分,CRCCRE-SJ-XM-2021-001,方案,江门江湾南光投资发展有限公司,2437885.23,398
2021,华南,2021-03-08,江门蓬江区代建学校及社区文化中心项目（滨江学校项目）施工图部分,CRCCRE-SJ-XM-2021-001,施工图,江门江湾南光投资发展有限公司,3921815.37,399
2021,华南,2021-03-08,江门蓬江区代建学校及社区文化中心项目（滨江学校项目）专项部分,CRCCRE-SJ-XM-2021-001,海绵城市,江门江湾南光投资发展有限公司,51638.4,400
2021,华南,2021-03-08,江门蓬江区代建学校及社区文化中心项目（滨江学校项目）专项部分,CRCCRE-SJ-XM-2021-001,基坑支护,江门江湾南光投资发展有限公司,85000,401
2022,华南,2022-04-15,江门蓬江区代建学校及社区文化中心项目（滨江学校项目）专项部分,CRCCRE-SJ-XM-2021-001,"基坑支护
（补充协议）",江门江湾南光投资发展有限公司,30000,402
2021,华南,2021-03-08,江门蓬江区代建学校及社区文化中心项目（滨江学校项目）专项部分,CRCCRE-SJ-XM-2021-001,人防,江门江湾南光投资发展有限公司,61914.93,403
2021,华南,2021-03-08,江门蓬江区代建学校及社区文化中心项目（滨江学校项目）专项部分,CRCCRE-SJ-XM-2021-001,智能化,江门江湾南光投资发展有限公司,264987.53,404
2021,华南,2021-03-08,江门蓬江区代建学校及社区文化中心项目（滨江学校项目）专项部分,CRCCRE-SJ-XM-2021-001,夜景亮化,江门江湾南光投资发展有限公司,128000,405
2021,华南,2021-03-08,江门蓬江区代建学校及社区文化中心项目（滨江学校项目）专项部分,CRCCRE-SJ-XM-2021-001,标识,江门江湾南光投资发展有限公司,170000,406
2021,华南,2021-03-08,江门蓬江区代建学校及社区文化中心项目（滨江学校项目）专项部分,CRCCRE-SJ-XM-2021-001,门窗幕墙,江门江湾南光投资发展有限公司,110000,407
2021,华南,2021-03-08,江门蓬江区代建学校及社区文化中心项目（滨江学校项目）专项部分,CRCCRE-SJ-XM-2021-001,机电二次配合,江门江湾南光投资发展有限公司,211990.02,408
2022,华南,2022-11-24,江门蓬江区代建学校及社区文化中心项目（滨江学校项目）补充协议,CRCCRE-SJ-XM-2021-001-B2,方案、施工图（补充协议）,江门江湾南光投资发展有限公司,900000,409
2021,华南,2021-04-30,"江门蓬江区代建文化中心项目
方案部分",CRCCRE-SJ-XM-2021-008,方案,江门江湾南光投资发展有限公司,1653000,410
2021,华南,2021-04-30,"江门蓬江区代建文化中心项目
施工图部分",CRCCRE-SJ-XM-2021-008,施工图,江门江湾南光投资发展有限公司,3231000,411
2021,华南,2021-04-16,"江门蓬江区代建文化中心项目
专项部分",CRCCRE-SJ-XM-2021-008,基坑支护,江门江湾南光投资发展有限公司,160000,412
2021,华南,2021-04-16,"江门蓬江区代建文化中心项目
专项部分",CRCCRE-SJ-XM-2021-008,人防,江门江湾南光投资发展有限公司,287280,413
2021,华南,2021-04-16,"江门蓬江区代建文化中心项目
专项部分",CRCCRE-SJ-XM-2021-008,海绵城市,江门江湾南光投资发展有限公司,27414,414
2021,华南,2021-04-16,"江门蓬江区代建文化中心项目
专项部分",CRCCRE-SJ-XM-2021-008,夜景亮化,江门江湾南光投资发展有限公司,200000,415
2021,华南,2021-04-16,"江门蓬江区代建文化中心项目
专项部分",CRCCRE-SJ-XM-2021-008,智能化,江门江湾南光投资发展有限公司,180000,416
2021,华南,2021-04-16,"江门蓬江区代建文化中心项目
专项部分",CRCCRE-SJ-XM-2021-008,标识,江门江湾南光投资发展有限公司,100000,417
2021,华南,2021-04-16,"江门蓬江区代建文化中心项目
专项部分",CRCCRE-SJ-XM-2021-008,舞台,江门江湾南光投资发展有限公司,600000,418
2021,华南,2021-04-16,"江门蓬江区代建文化中心项目
专项部分",CRCCRE-SJ-XM-2021-008,幕墙,江门江湾南光投资发展有限公司,580000,419
2018,广分,2018-11-21,中国铁建凤岭国际城,CRCCRE-SJ-GZF-2018-025,方案+咨询,中铁房地产集团（广西）有限公司,3225000,420
2018,广分,2018-11-20,珠海湖心路项目,CRCCRE-SJ-GZF-2018-022,设计总包,中铁建投珠海城市开发有限公司,5521485.46,421
2019,华南,2019-07-15,南宁那丹小镇,CRCCRE-SJ-GZF-2019-025,可研,中铁房地产集团（广西）有限公司,160000,422
2023,华南,2023-11-09,广州天河区梅花铝厂项目（西派天河序）,CRCCRE-SJ-XM-2023-060,建筑方案,广州市天河区顺信房地产有限公司,4990000,423
2023,华南,2023-11-09,广州天河区梅花铝厂项目（西派天河序）,CRCCRE-SJ-XM-2023-060,景观设计,广州市天河区顺信房地产有限公司,2169080.84,424
2023,华南,2023-11-09,广州天河区梅花铝厂项目（西派天河序）,CRCCRE-SJ-XM-2023-060,创意精装,广州市天河区顺信房地产有限公司,4561320,425
2023,华南,2023-11-09,广州天河区梅花铝厂项目（西派天河序）,CRCCRE-SJ-XM-2023-060,批量精装,广州市天河区顺信房地产有限公司,1909618.1,426
2023,华南,2023-11-09,广州天河区梅花铝厂项目（西派天河序）,CRCCRE-SJ-XM-2023-060,"BIM地下管综建模
（自揽）",广州市天河区顺信房地产有限公司,311189.27,427
2023,华南,2023-11-09,广州天河区梅花铝厂项目（西派天河序）,CRCCRE-SJ-XM-2023-060,BIM多维（自揽）,广州市天河区顺信房地产有限公司,80000,428
2023,华南,2023-11-09,广州天河区梅花铝厂项目（西派天河序）,CRCCRE-SJ-XM-2023-060,"咨询
（自揽）",广州市天河区顺信房地产有限公司,1001016.95,429
2023,华南,2023-11-09,广州天河区梅花铝厂项目（西派天河序）,CRCCRE-SJ-XM-2023-060,施工图精审,广州市天河区顺信房地产有限公司,472480,430
2023,华南,2023-11-09,广州天河区梅花铝厂项目（西派天河序）,CRCCRE-SJ-XM-2023-060,泛光设计,广州市天河区顺信房地产有限公司,267500,431
2023,华南,2023-11-09,广州天河区梅花铝厂项目（西派天河序）,CRCCRE-SJ-XM-2023-060,标识设计,广州市天河区顺信房地产有限公司,321000,432
2023,华南,2023-11-09,广州天河区梅花铝厂项目（西派天河序）,CRCCRE-SJ-XM-2023-060,品质车库,广州市天河区顺信房地产有限公司,722250,433
2023,华南,2023-11-09,广州天河区梅花铝厂项目（西派天河序）,CRCCRE-SJ-XM-2023-060,智能化,广州市天河区顺信房地产有限公司,214217.63,434
2025,南沙,2025-02-11,广州天河区梅花铝厂项目（西派天河序）,CRCCRE-SJ-XM-2023-060-B2,设计总包（精装补充）,广州市天河区顺信房地产有限公司,215365.48,435
2025,南沙,2025-02-21,广州天河区梅花铝厂项目（西派天河序）,CRCCRE-SJ-XM-2023-060-B3,方案补充,广州市天河区顺信房地产有限公司,121000,436
2025,南沙,2025-11-04,广州天河区梅花铝厂项目（西派天河序）,CRCCRE-SJ-XM-2025-031,景观,广州市天河区顺信房地产有限公司,111448.8,437
2025,南沙,2025-11-04,广州天河区梅花铝厂项目（西派天河序）,CRCCRE-SJ-XM-2025-031,样板间精装,广州市天河区顺信房地产有限公司,632535,438
2025,南沙,2025-11-04,广州天河区梅花铝厂项目（西派天河序）,CRCCRE-SJ-XM-2025-031,棋牌室精装,广州市天河区顺信房地产有限公司,102400,439
2025,南沙,2025-11-04,广州天河区梅花铝厂项目（西派天河序）,CRCCRE-SJ-XM-2025-031,批量精装,广州市天河区顺信房地产有限公司,321376,440
2025,南沙,2025-11-04,广州天河区梅花铝厂项目（西派天河序）,CRCCRE-SJ-XM-2025-031,品质车库,广州市天河区顺信房地产有限公司,110642.28,441
2023,外部,2023-04-24,际华园荷府项目（际华贵港项目）,CRCCRE-SJ-CZ-2023-001,方案,贵港新兴城投有限责任公司,2200000,442
2021,中南,2021-09-10,"长沙杉木村项目
（湘语洺悦）
（完成）",CRCCRE-SJ-CZ-2021-011,方案+咨询,长沙京蓉房地产开发有限公司,1647716.76,443
2021,中南,2021-10-10,南昌经开区JQ3030-E03项目（完成）,CRCCRE-SJ-CZ-2021-012,方案+咨询,南昌京源房地产开发有限公司,2049045,444
2022,中南,2022-07-24,"武汉铁建国际城项目
（完成）",CRCCRE-SJ-ZX-2022-002,咨询,中铁房地产集团武汉有限公司,1189737.64,445
2022,中南,2022-11-27,"武汉国际城F地块项目
（完成）",CRCCRE-SJ-BIM-2022-010,BIM,中铁房地产集团武汉有限公司,318826.06,446
2023,中南,2023-11-22,"咨询：合肥瑶海项目
BIM:合肥长江东路项目
完成",CRCCRE-SJ-ZX-2023-053,咨询,合肥京尚房地产开发有限公司,410000,447
2023,中南,2023-12-12,武汉知语1901商业项目,CRCCRE-SJ-TOD-2023-053,"策划
方案设计",中铁房地产武汉蔡甸有限公司,1575000,448
2022,中南,2022-11-24,"合肥可研方案设计2023-053（7个）
(完成)",CRCCRE-SJ-CZ-2023-053,可研,中铁房地产集团合肥蜀山置业有限公司,160000,449
2023,中南,2023-09-18,"合肥包河BH202308地块项目
（花语江南）",CRCCRE-SJ-XM-2023-032,方案+景观+精装+咨询+多维汇报,合肥京朗房地产开发有限公司,8943712.5,450
2024,中南,2024-05-13,"合肥包河BH202308地块项目
（花语江南）",CRCCRE-SJ-XM-2023-032-B1,精装,合肥京朗房地产开发有限公司,118200,451
2023,中南,2023-12-25,长沙天心区044地块项目（花语江南）,CRCCRE-SJ-XM-2023-086,方案+景观+精装+咨询+多维汇报,长沙京昂房地产开发有限公司,11701540.83,452
2025,中南,2025-04-18,长沙天心区044地块项目,CRCCRE-SJ-XM-2023-086-B1,建筑+精装,长沙京昂房地产开发有限公司,1571248.86,453
2025,外部,2025-04-18,南光置业无锡项目,CRCCRE-SJ-ZX-2025-003,施工图咨询,无锡金银岛置业有限公司,490000,454
2023,外部,2023-04-28,南光置业无锡项目,CRCCRE-SJ-ZX-2023-001,施工图咨询,无锡金银岛置业有限公司,480000,455
2023,外部,2023-06-06,南通崇川五龙汇项目,CRCCRE-SJ-ZX-2023-002,全过程咨询,南光锦湾商业（南通）有限公司,453050,456
2023,外部,2023-11-09,南通崇川五龙汇项目,CRCCRE-SJ-ZX-2023-051,施工图精审,南光锦湾商业（南通）有限公司,300000,457
2023,外部,2023-12-25,际华四代住宅项目,CRCCRE-SJ-CZ-2023-057,可研,新兴际华资产经营管理有限公司,250000,458
2022,外部,2022-06-20,"清远际华园项目
（完成）",CRCCRE-SJ-CZ-2022-006,投标补偿,广东际华园投资发展有限公司,357351,459
2022,外部,2022-06-17,"咸宁际华园项目
（完成）",CRCCRE-SJ-CZ-2022-007,投标补偿,武汉际华园投资建设有限公司,400000,460
2023,外部,2023-09-25,西安咸阳际华项目（完成）,CRCCRE-SJ-XM-2023-030,投标补偿,山东绿城青和建筑设计有限公司,100000,461
2023,外部,2023-01-04,中国人民大学通州新校区项目,CRCCRE-SJ-BIM-2022-016,BIM深化,杭萧钢构(河北)建设有限公司,157500,462
2023,外部,2023-03-31,天津花语尚东一期项目,CRCCRE-SJ-BIM-2023-002,BIM,中铁建投（天津）城市发展有限公司,460000,463
2023,外部,2023-09-05,天津花语尚东项目三四期,CRCCRE-SJ-XM-2023-029,精装,中铁建投（天津）城市发展有限公司,390000,464
2023,外部,2023-07-15,中铁二十一局集团天津人才基地项目,CRCCRE-SJ-XM-2023-019,咨询,天津德盛和置业有限公司,420000,465
2023,外部,2023-06-30,宿州花语华府项目,CRCCRE-SJ-BIM-2023-013,BIM,中铁建投（宿州）城市发展有限公司,180000,466
2023,外部,2023-04-04,"通马路交通枢纽项目
（完成）",CRCCRE-SJ-BIM-2023-003,BIM深化,杭萧钢构(河北)建设有限公司,245000,467
2023,外部,2023-04-04,通州人民大学食堂项目,CRCCRE-SJ-BIM-2023-006,BIM深化,杭萧钢构(河北)建设有限公司,27000,468
2023,外部,2023-08-23,白云国际机场三期扩建工程三号航站楼项目,CRCCRE-SJ-BIM-2023-014,BIM深化,中建三局钢构科技有限公司,169600,469
2024,外部,2024-04-04,清华大学通州基地千人报告厅项目,CRCCRE-SJ-XM-2024-012,BIM深化,中建三局钢构科技有限公司,175112,470
2024,外部,2024-05-09,雄安城际站枢纽配套工程二区项目,CRCCRE-SJ-XM-2024-014,BIM深化,中建三局钢构科技有限公司,79712,471
2022,外部,2022-05-01,"响螺湾项目C-03地块可研
（完结）",CRCCRE-SJ-CZ-2022-005,可研,新兴达美（天津）投资有限公司,50000,472
2022,外部,2022-05-01,沈阳大厦项目,CRCCRE-SJ-SJ-2025-004,BIM深化,中建三局钢构科技有限公司,1060000,473
2023,外部,2023-11-25,天津响螺湾03-94地块项目,CRCCRE-SJ-CZ-2023-051,可研,新兴达美（天津）投资有限公司,49000,474
2022,外部,2022-06-22,扬中际华园项目,CRCCRE-SJ-CZ-2022-009,方案+施工图,际华集团江苏实业投资有限公司,22400000,475
2020,外部,2020-11-30,南京市玄武区黑墨营NO.2019G86地块项目,CRCCRE-SJ-GC-2020-009,施工图,南京长江都市建筑设计股份有限公司,160000,476
2021,华东-铁投,2021-10-15,可研方案设计（完成）,CRCCRE-SJ-CZ-2021-013,可研,绍兴京越房地产开发有限公司,1000000,477
2021,东北,2021-12-30,哈尔滨总部基地项目,CRCCRE-SJ-ZX-2021-014,咨询,哈尔滨京洲置业发展有限公司,3277757,478
2024,东北,2024-07-17,哈尔滨总部基地,CRCCRE-SJ-CZ-2024-006,可研,哈尔滨京洲置业发展有限公司,50000,479
2022,东北,2022-10-10,哈尔滨总部基地项目,CRCCRE-SJ-BIM-2022-006,BIM,哈尔滨京洲置业发展有限公司,647500,480
2024,北方,2024-02-27,北方区域2024-2025年度强排协议XM-2024-002,CRCCRE-SJ-XM-2024-002,可研,中铁房地产集团北方有限公司,2950000,481
2021,北方,2021-12-20,涿州391亩地项目,CRCCRE-SJ-ZX-2021-016,咨询,涿州京盛越达房地产开发有限公司,2116985.27,482
2022,华东,2022-07-01,杭州片区可研项目,CRCCRE-SJ-XM-2022-012,可研,绍兴京越房地产开发有限公司,1500000,483
2022,华东,2022-08-26,"上海片区可研项目
（22-24年）（完结）",CRCCRE-SJ-CZ-2022-008,可研,上海中铁京鑫房地产有限公司,3000000,484
2023,华东,2023-09-18,上海片区可研项目（23-25年）,CRCCRE-SJ-CZ-2023-019,可研,上海京沐鑫房地产有限公司,2000000,485
2023,华东,2023-09-18,上海片区可研项目（23-25年）,CRCCRE-SJ-CZ-2023-018,可研,上海京淼鑫房地产有限公司,2000000,486
2023,华东,2023-07-24,上海片区可研项目（23-25年）,CRCCRE-SJ-CZ-2023-010,可研,上海京泽鑫房地产开发有限公司,2000000,487
2024,华东,2024-09-23,上海片区可研项目（24-26年）（久其立项名称：上海片区2024-2026年度强排协议CZ-2024-007）,CRCCRE-SJ-CZ-2024-007,可研,上海京泓润房地产开发有限公司,1800000,488
2022,华东,2022-11-02,南京片区可研项目,CRCCRE-SJ-CZ-2022-015,可研,南京京城房地产开发有限公司,1500000,489
2025,南沙,2025-11-24,可研-南沙2025年度强排协议SJ-2025-003,CRCCRE-SJ-SJ-2025-003,可研,广州南沙中铁实业发展有限公司,1500000,490
2021,华东,2021-11-19,苏州WG-42项目(苏州花语云萃),CRCCRE-SJ-XM-2021-042,方案,苏州京兆房地产开发有限公司,12484603.94,491
2021,华东,2021-11-19,苏州WG-42项目(苏州花语云萃),CRCCRE-SJ-XM-2021-042,施工图管理,苏州京兆房地产开发有限公司,14016754.22,492
2021,华东,2021-10-15,苏州WG-42项目(苏州花语云萃),CRCCRE-SJ-XM-2021-042,景观管理,苏州京兆房地产开发有限公司,148500,493
2021,华东,2021-11-19,苏州WG-42项目(苏州花语云萃),CRCCRE-SJ-XM-2021-042,景观管理,苏州京兆房地产开发有限公司,2901500,494
2021,华东,2021-11-19,苏州WG-42项目(苏州花语云萃),CRCCRE-SJ-XM-2021-042,景观管理(外委补充协议，占用专项剩余金额)（集塔）,苏州京兆房地产开发有限公司,135460,495
2021,华东,2021-11-19,苏州WG-42项目(苏州花语云萃),CRCCRE-SJ-XM-2021-042,批量精装管理,苏州京兆房地产开发有限公司,1639387.52,496
2021,华东,2021-11-19,苏州WG-42项目(苏州花语云萃),CRCCRE-SJ-XM-2021-042,批量精装管理(外委拓谷补充协议，占用专项剩余金额),苏州京兆房地产开发有限公司,120000,497
2021,华东,2021-11-19,苏州WG-42项目(苏州花语云萃),CRCCRE-SJ-XM-2021-042,1#～3#楼，5#～8# 楼，11#楼精装修硬装设计（占用专项剩余金额）（锐度）,苏州京兆房地产开发有限公司,261708.8,498
2021,华东,2021-11-19,苏州WG-42项目(苏州花语云萃),CRCCRE-SJ-XM-2021-042,售楼处精装管理,苏州京兆房地产开发有限公司,1752500,499
2021,华东,2021-11-19,苏州WG-42项目(苏州花语云萃),CRCCRE-SJ-XM-2021-042,BIM,苏州京兆房地产开发有限公司,1211875.48,500
2021,华东,2021-11-19,苏州WG-42项目(苏州花语云萃),CRCCRE-SJ-XM-2021-042,咨询,苏州京兆房地产开发有限公司,3201180.5,501
2021,华东,2021-11-19,苏州WG-42项目(苏州花语云萃),CRCCRE-SJ-XM-2021-042,专项-泛光照明设计,苏州京兆房地产开发有限公司,320000,502
2021,华东,2021-11-19,苏州WG-42项目(苏州花语云萃),CRCCRE-SJ-XM-2021-042,专项-节能优化,苏州京兆房地产开发有限公司,854000,503
2021,华东,2021-11-19,苏州WG-42项目(苏州花语云萃),CRCCRE-SJ-XM-2021-042,专项-门窗幕墙设计,苏州京兆房地产开发有限公司,200000,504
2021,华东,2021-11-19,苏州WG-42项目(苏州花语云萃),CRCCRE-SJ-XM-2021-042,专项-标识标牌设计,苏州京兆房地产开发有限公司,205000,505
2021,华东,2021-11-19,苏州WG-42项目(苏州花语云萃),CRCCRE-SJ-XM-2021-042,专项-幕墙深化,苏州京兆房地产开发有限公司,200000,506
2021,华东,2021-11-19,苏州WG-42项目(苏州花语云萃),CRCCRE-SJ-XM-2021-042,专项-智能化设计,苏州京兆房地产开发有限公司,365849.2,507
2021,华东,2021-11-19,苏州WG-42项目(苏州花语云萃),CRCCRE-SJ-XM-2021-042,专项-基坑支护设计,苏州京兆房地产开发有限公司,600000,508
2021,华东,2021-11-19,苏州WG-42项目(苏州花语云萃),CRCCRE-SJ-XM-2021-042,专项剩余,苏州京兆房地产开发有限公司,934690.8,509
2022,华东,2022-07-15,苏州车坊项目（苏州星樾湖滨）,CRCCRE-SJ-XM-2022-018,方案,苏州京发房地产开发有限公司,2606928.46,510
2022,华东,2022-07-15,苏州车坊项目（苏州星樾湖滨）,CRCCRE-SJ-XM-2022-018,BIM管综建模,苏州京发房地产开发有限公司,416649.43,511
2022,华东,2022-07-15,苏州车坊项目（苏州星樾湖滨）,CRCCRE-SJ-XM-2022-018,施工图优化咨询,苏州京发房地产开发有限公司,666723.05,512
2022,华东,2022-07-15,苏州车坊项目（苏州星樾湖滨）,CRCCRE-SJ-XM-2022-018,管理费,苏州京发房地产开发有限公司,342730.45,513
2022,华东,2022-07-15,苏州车坊项目（苏州星樾湖滨）,CRCCRE-SJ-XM-2022-018,"施工图设计
管理",苏州京发房地产开发有限公司,3459767.12,514
2022,华东,2022-07-15,苏州车坊项目（苏州星樾湖滨）,CRCCRE-SJ-XM-2022-018,"施工图设计
管理（补充协议）",苏州京发房地产开发有限公司,98000,515
2022,华东,2022-07-15,苏州车坊项目（苏州星樾湖滨）,CRCCRE-SJ-XM-2022-018,景观设计管理,苏州京发房地产开发有限公司,1116800,516
2022,华东,2022-07-15,苏州车坊项目（苏州星樾湖滨）,CRCCRE-SJ-XM-2022-018,批量精装设计管理,苏州京发房地产开发有限公司,1304150,517
2022,华东,2022-07-15,苏州车坊项目（苏州星樾湖滨）,CRCCRE-SJ-XM-2022-018,泛光照明,苏州京发房地产开发有限公司,130000,518
2022,华东,2022-07-15,苏州车坊项目（苏州星樾湖滨）,CRCCRE-SJ-XM-2022-018,节能优化,苏州京发房地产开发有限公司,225000,519
2022,华东,2022-07-15,苏州车坊项目（苏州星樾湖滨）,CRCCRE-SJ-XM-2022-018,门窗栏杆幕墙等外立面设计,苏州京发房地产开发有限公司,100000,520
2022,华东,2022-07-15,苏州车坊项目（苏州星樾湖滨）,CRCCRE-SJ-XM-2022-018,标识标牌,苏州京发房地产开发有限公司,42800,521
2022,华东,2022-07-15,苏州车坊项目（苏州星樾湖滨）,CRCCRE-SJ-XM-2022-018,智能化设计,苏州京发房地产开发有限公司,130000,522
2022,华东,2022-07-15,苏州车坊项目（苏州星樾湖滨）,CRCCRE-SJ-XM-2022-018,其他,苏州京发房地产开发有限公司,346091.89,523
2023,华东,2023-07-11,苏州车坊项目（苏州星樾湖滨）,CRCCRE-SJ-XM-2023-021,创新型销售中心方案设计研发,苏州京发房地产开发有限公司,200000,524
2022,华东,2022-10-10,上海泗泾08-01项目（中国铁建·星樾云栖）,CRCCRE-SJ-XM-2022-030,建筑方案设计+BIM建模及BIM全过程咨询+设计优化咨询+管理,上海京淼鑫房地产有限公司,16307902.4,525
2022,华东,2022-10-10,上海泗泾01-02项目（中国铁建·花语天境）,CRCCRE-SJ-XM-2022-027,建筑方案设计+BIM建模及BIM全过程咨询+设计优化咨询+精装设计，精装修图纸送审的配合工作(包括图框使用、图纸审查等)+管理,上海京沐鑫房地产有限公司,18664509.1,526
2022,华东,2022-11-02,上海松江中山街道C07-01地块项目（中国铁建·星樾云涧）,CRCCRE-SJ-XM-2022-039,立面设计+管理,上海京泽鑫房地产开发有限公司,18550000,527
2023,华东,2023-09-07,上海奉贤区西渡街道D-01-11区域地块项目（中国铁建熙语）,CRCCRE-SJ-XM-2023-027,建筑方案设计、建筑施工图设计、景观设计、精装设计、BIM技术应用、施工图优化咨询、专项设计（基坑支护、人防设计、海绵城市、绿色建筑、智能化设计、门窗栏杆幕墙等外立面设计、综合图及产品手册、标识设计等）,上海京泓润房地产开发有限公司,22932039.97,528
2023,华东,2023-11-21,上海闵行区华漕镇项目（花语前湾）,CRCCRE-SJ-XM-2023-062,设计总包,上海京闵房地产有限公司,28510000,529
2025,外部,2025-10-10,内蒙古国际会议中心项目,CRCCRE-SJ-BIM-2025-005,BIM智慧建造,北京城建精工钢结构工程有限公司,148500,530
2025,华东,2025-07-11,上海松江新城C03A-04地块项目,CRCCRE-SJ-XM-2025-018,设计总包,上海京涧房地产有限公司,19001085.24,531
2024,华东,2024-07-30,上海澄江路项目,"CRCCRE-SJ-TOD-2024-001
",TOD,上海广泾建设发展有限公司,750000,532
2021,华东,2021-11-19,苏州WG-50项目(苏州花语澜苑),CRCCRE-SJ-XM-2021-043,方案+管理+BIM,苏州京宏房地产开发有限公司,10300000,533
2023,外部,2023-10-26,阿美达赫兰企业学院大楼项目,CRCCRE-SJ-BIM-2023-019,BIM,中国铁建股份公司沙特分公司,105000,534
2023,外部,2023-11-13,三一全球科创中心项目,CRCCRE-SJ-BIM-2023-055,BIM智慧建造工作室,中建科工集团有限公司,496800,535
2024,外部,2024-11-25,三一全球科创中心项目,CRCCRE-SJ-BIM-2023-055-B1,BIM智慧建造工作室,中建科工集团有限公司,73508,536
2025,外部,2025-10-28,光大太原金碧天下项目,CRCCRE-SJ-SJ-2025-002,立面设计+咨询,太原恒颖房地产开发有限公司,845980.78,537
2024,外部,2024-03-06,珠海新澳半岛三期项目（澳屿花园项目）,CRCCRE-SJ-ZX-2024-001,咨询,南光濠江(珠海)房地产有限公司,489277.2,538
2025,外部,2025-07-19,济南遥墙机场项目,CRCCRE-SJ-BIM-2025-004,BIM智慧建造,德利九州物流自动化系统（北京）有限公司,446000,539
2025,外部,2025-07-24,济南遥墙机场项目,CRCCRE-SJ-BIM-2025-004-B1,BIM智慧建造,德利九州物流自动化系统（北京）有限公司,45900,540
2025,外部,2025-10-24,济南遥墙机场项目,CRCCRE-SJ-BIM-2025-004-B2,BIM智慧建造,德利九州物流自动化系统（北京）有限公司,79941.75,541
2024,城市运营,2024-05-15,北京房山文娱运营公司(7F-8F)精装项目,CRCCRE-SJ-JZ-2024-002,精装,中铁房地产集团城市运营管理有限公司,400000,542
2025,外部,2025-09-22,西安港务区代建108亩项目,CRCCRE-SJ-BIM-2025-007,BIM地下室管综建模,西安基准方中建筑设计有限公司,374078.32,543
2025,外部,2025-01-15,国际集团机电工程研究路线规划报告项目,CRCCRE-SJ-ZX-2024-002,咨询,中国铁建国际集团有限公司,60000,544
